Workbook

Sheet Data Keys
A1: Name | B1: Code | C1: User | D1: Serial Number | E1: Location | H1: Name | I1: User | J1: Code | K1: Serial Number | L1: Location | Q1: ADDITIONAL KEYS GIVEN | T1: MC | U1: Laundry Tag
A2: 27/1/E1/1 | B2: 6483CE93 | C2: sadmin | D2: key | E2: Accommodation Keys | H2: 452127 | I2: 452127 Sebastian | J2: Bag 0189 | K2: 189 | L2: Laundry Bags in Use
A3: 27/1/E1/2 | B3: D4F4CC93 | C3: sadmin | D3: key | E3: Accommodation Keys | H3: Bag 0824 | I3: sadmin | J3: Bag 0824 | K3: 824 | L3: Unreceived Bags
A4: 27/1/E1/3 | B4: B40DED93 | C4: sadmin | D4: key | E4: Accommodation Keys | H4: 506372 | I4: 506372 Magnus | J4: Bag 0447 | K4: 447 | L4: Laundry Bags in Use
A5: 27/1/E2/1 | B5: 14E0DB93 | C5: sadmin | D5: key | E5: Accommodation Keys | H5: 472536 | I5: 472536 Alexander | J5: Bag 0455 | K5: 455 | L5: Laundry Bags in Use
A6: 27/1/E2/2 | B6: 2413CD93 | C6: sadmin | D6: key | E6: Accommodation Keys | H6: 508884 | I6: 508884 Jes | J6: Bag 0232 | K6: 232 | L6: Laundry Bags in Use
A7: 27/1/E2/3 | B7: 74D8DF93 | C7: sadmin | D7: key | E7: Accommodation Keys | H7: 410103 | I7: 410103 Kasper | J7: Bag 0615 | K7: 615 | L7: Laundry Bags in Use
A8: 27/101/1 | B8: C487F493 | C8: 99901 Richard | D8: key | E8: Accommodation Keys | H8: 393712 | I8: 393712 Peter | J8: Bag 0620 | K8: 620 | L8: Laundry Bags in Use | M8: C487F493 | Q8: 32/205/1 | R8: D47FDD93 | S8: 167039 Jesper | T8: 0368 | U8: 893
A9: 27/101/2 | B9: 743DE893 | D9: key | E9: Accommodation Keys | H9: 534522 | I9: 534522 Michael | J9: Bag 0641 | K9: 641 | L9: Laundry Bags in Use | S9: 399105 Chris
A10: 27/101/3 | B10: A473CD93 | D10: key | E10: Accommodation Keys | H10: Bag 0305 | I10: sadmin | J10: Bag 0305 | K10: 305 | L10: Laundry Bags Depot | S10: 443003 Jesper
A11: 27/102/1 | B11: A435E293 | C11: 99903 Hakan | D11: key | E11: Accommodation Keys | H11: 439367 | I11: 439367 Malthe | J11: Bag 0724 | K11: 724 | L11: Laundry Bags in Use | M11: A435E293 | Q11: 32/206/1 | R11: B4E2D093 | S11: 399105 Chris
A12: 27/102/2 | B12: C487F493 | D12: key | E12: Accommodation Keys | H12: 478336 | I12: 478336 Johannes | J12: Bag 0059 | K12: 59 | L12: Laundry Bags in Use | S12: 399105 Chris
A13: 27/102/3 | B13: 64E1D593 | D13: key | E13: Accommodation Keys | H13: Bag 0394 | I13: sadmin | J13: Bag 0394 | K13: 394 | L13: Laundry Bags Depot | S13: 443003 Jesper
A14: 27/103/1 | B14: E4464694 | C14: 99905 Torbjorn | D14: key | E14: Accommodation Keys | H14: 307201 | I14: 307201 Yoan | J14: Bag 0909 | K14: 909 | L14: Laundry Bags in Use | M14: E4464694 | Q14: 32/207/1 | R14: 64D0D393 | S14: 443003 Jesper
A15: 27/103/2 | B15: 3416CF93 | D15: key | E15: Accommodation Keys | H15: Bag 0838 | I15: sadmin | J15: Bag 0838 | K15: 838 | L15: Unreceived Bags | S15: 399105 Chris
A16: 27/103/3 | B16: C456E093 | D16: key | E16: Accommodation Keys | H16: 193022 | I16: 193022 Claus | J16: Bag 0974 | K16: 974 | L16: Laundry Bags in Use | S16: 443003 Jesper
A17: 27/104/1 | B17: 44A5E293 | C17: 99907 Kateryna | D17: key | E17: Accommodation Keys | H17: 194935 | I17: 194935 Karsten | J17: Bag 0047 | K17: 47 | L17: Laundry Bags in Use | M17: 44A5E293 | Q17: 32/215/1 | R17: 1455E193 | S17: 500640 Philip
A18: 27/104/2 | B18: B4B14194 | D18: key | E18: Accommodation Keys | H18: 397279 | I18: 397279 Jesper | J18: Bag 0545 | K18: 545 | L18: Laundry Bags in Use
A19: 27/104/3 | B19: 140DF093 | D19: key | E19: Accommodation Keys | H19: Bag 0847 | I19: sadmin | J19: Bag 0847 | K19: 847 | L19: Unreceived Bags
A20: 27/105/1 | B20: A427D093 | C20: 99909 Bjorn | D20: key | E20: Accommodation Keys | H20: 511788 | I20: 511788 Ghislain | J20: Bag 1011 | K20: 1011 | L20: Laundry Bags in Use | M20: A427D093 | Q20: 32/208/1 | R20: E4454794 | S20: 514113 Abdul
A21: 27/105/2 | B21: A427D093 | D21: key | E21: Accommodation Keys | H21: Bag 0848 | I21: sadmin | J21: Bag 0848 | K21: 848 | L21: Unreceived Bags
A22: 27/105/3 | B22: 248DE193 | D22: key | E22: Accommodation Keys | H22: 431628 | I22: 431628 Marc | J22: Bag 1000 | K22: 1000 | L22: Laundry Bags in Use
A23: 27/106/1 | B23: 842FE293 | C23: 99911 Bjorn | D23: key | E23: Accommodation Keys | H23: 494353 | I23: 494353 Mikkel | J23: Bag 0768 | K23: 768 | L23: Laundry Bags in Use | M23: 842FE293
A24: 27/106/2 | B24: 84B5D293 | D24: key | E24: Accommodation Keys | H24: 495997 | I24: 495997 Sandra | J24: Bag 1104 | K24: 1104 | L24: Laundry Bags in Use
A25: 27/106/3 | B25: A4F5DC93 | D25: key | E25: Accommodation Keys | H25: 495475 | I25: 495475 Stefan | J25: Bag 1024 | K25: 1024 | L25: Laundry Bags in Use
A26: 27/107/1 | B26: 747ECC93 | C26: 99913 Ida | D26: key | E26: Accommodation Keys | H26: 456552 | I26: 456552 Oliver | J26: Bag 0513 | K26: 513 | L26: Laundry Bags in Use | M26: 747ECC93
A27: 27/107/2 | B27: 44C74594 | D27: key | E27: Accommodation Keys | H27: 303575 | I27: 303575 Rasmus | J27: Bag 0243 | K27: 243 | L27: Laundry Bags in Use
A28: 27/107/3 | B28: 746FE193 | D28: key | E28: Accommodation Keys | H28: 197679 | I28: 197679 Niels Erik | J28: Bag 0674 | K28: 674 | L28: Laundry Bags in Use
A29: 27/108/1 | B29: 944FE193 | C29: 99914 Maria | D29: key | E29: Accommodation Keys | H29: 171119 | I29: 171119 Olivier | J29: Bag 0820 | K29: 820 | L29: Laundry Bags in Use | M29: 944FE193
A30: 27/108/2 | B30: 34DCEE93 | D30: key | E30: Accommodation Keys | H30: 485435 | I30: 485435 Micki | J30: Bag 0654 | K30: 654 | L30: Laundry Bags in Use
A31: 27/108/3 | B31: 04EED593 | D31: key | E31: Accommodation Keys | H31: 456401 | I31: 456401 Patrick | J31: Bag 0740 | K31: 740 | L31: Laundry Bags in Use
A32: 27/109/1 | B32: E46BD893 | C32: 99915 Rickard | D32: key | E32: Accommodation Keys | H32: Bag 0822 | I32: sadmin | J32: Bag 0822 | K32: 822 | L32: Unreceived Bags | M32: E46BD893
A33: 27/109/2 | B33: 04D23B94 | D33: key | E33: Accommodation Keys | H33: 459106 | I33: 459106 Daniel | J33: Bag 0015 | K33: 15 | L33: Laundry Bags in Use
A34: 27/109/3 | B34: 3484F493 | D34: key | E34: Accommodation Keys | H34: 509424 | I34: 509424 Emil | J34: Bag 0084 | K34: 84 | L34: Laundry Bags in Use
A35: 27/110/1 | B35: 6454CB93 | C35: 99917 Patrik | D35: key | E35: Accommodation Keys | H35: Bag 0454 | I35: sadmin | J35: Bag 0454 | K35: 454 | L35: Unreceived Bags | M35: 6454CB93
A36: 27/110/2 | B36: D4BD3794 | D36: key | E36: Accommodation Keys | H36: Bag 0357 | I36: sadmin | J36: Bag 0357 | K36: 357 | L36: Laundry Bags Depot
A37: 27/110/3 | B37: 94D2E493 | D37: key | E37: Accommodation Keys | H37: Bag 0381 | I37: sadmin | J37: Bag 0381 | K37: 381 | L37: Laundry Bags Depot
A38: 27/111/1 | B38: D4763894 | C38: 99919 Jimmy | D38: key | E38: Accommodation Keys | H38: Bag 0063 | I38: sadmin | J38: Bag 0063 | K38: 63 | L38: Laundry Bags Depot | M38: D4763894
A39: 27/111/2 | B39: E42AE193 | D39: key | E39: Accommodation Keys | H39: 425459 | I39: 425459 Mads | J39: Bag 0885 | K39: 885 | L39: Laundry Bags in Use
A40: 27/111/3 | B40: 6449F493 | D40: key | E40: Accommodation Keys | H40: 501115 | I40: 501115 Villads | J40: Bag 0696 | K40: 696 | L40: Laundry Bags in Use
A41: 27/112/1 | B41: B4173A94 | C41: 99920 Adam | D41: key | E41: Accommodation Keys | H41: 669595 | I41: 669595 Jonathan | J41: Bag 1046 | K41: 1046 | L41: Laundry Bags in Use | M41: B4173A94
A42: 27/112/2 | B42: 3486EA93 | D42: key | E42: Accommodation Keys | H42: 505536 | I42: 505536 Christian | J42: Bag 0404 | K42: 404 | L42: Laundry Bags in Use
A43: 27/112/3 | B43: B4ADEC93 | D43: key | E43: Accommodation Keys | H43: Bag 0626 | I43: sadmin | J43: Bag 0626 | K43: 626 | L43: Unreceived Bags
A44: 27/113/1 | B44: 44254194 | C44: 99918 Jacob | D44: key | E44: Accommodation Keys | H44: 229537 | I44: 229537 Soren | J44: Bag 0161 | K44: 161 | L44: Laundry Bags in Use | M44: 44254194
A45: 27/113/2 | B45: 54A0F093 | D45: key | E45: Accommodation Keys | H45: 500801 | I45: 500801 Rasmus | J45: Bag 1186 | K45: 1186 | L45: Laundry Bags in Use
A46: 27/113/3 | B46: B4AFE193 | D46: key | E46: Accommodation Keys | H46: 424712 | I46: 424712 Nicholaj | J46: Bag 0273 | K46: 273 | L46: Laundry Bags in Use
A47: 27/114/1 | B47: 3477F493 | C47: 99916 Johan | D47: key | E47: Accommodation Keys | H47: 508348 | I47: 508348 Oscar | J47: Bag 0134 | K47: 134 | L47: Laundry Bags in Use | M47: 3477F493
A48: 27/114/2 | B48: 041CD093 | D48: key | E48: Accommodation Keys | H48: 514411 | I48: 514411 Alan | J48: Bag 0452 | K48: 452 | L48: Laundry Bags in Use
A49: 27/114/3 | B49: 549EF093 | D49: key | E49: Accommodation Keys | H49: 373817 | I49: 373817 Andreas | J49: Bag 0590 | K49: 590 | L49: Laundry Bags in Use
A50: 27/115/1 | B50: F4CD3A94 | C50: 99912 Peter | D50: key | E50: Accommodation Keys | H50: 507538 | I50: 507538 Victor | J50: Bag 0023 | K50: 23 | L50: Laundry Bags in Use | M50: F4CD3A94
A51: 27/115/2 | B51: 5463EB93 | D51: key | E51: Accommodation Keys | H51: 501406 | I51: 501406 Rasmus | J51: Bag 0698 | K51: 698 | L51: Laundry Bags in Use
A52: 27/115/3 | B52: 2409F093 | D52: key | E52: Accommodation Keys | H52: 493372 | I52: 493372 Marco | J52: Bag 0234 | K52: 234 | L52: Laundry Bags in Use
A53: 27/116/1 | B53: F413D093 | C53: 99910 Roger | D53: key | E53: Accommodation Keys | H53: 473689 | I53: 473689 Viktor | J53: Bag 1115 | K53: 1115 | L53: Laundry Bags in Use | M53: F413D093
A54: 27/116/2 | B54: 34F7E493 | D54: key | E54: Accommodation Keys | H54: 483759 | I54: 483759 Richard | J54: Bag 0786 | K54: 786 | L54: Laundry Bags in Use
A55: 27/116/3 | B55: F413D093 | D55: key | E55: Accommodation Keys | H55: 492162 | I55: 492162 Emil | J55: Bag 0504 | K55: 504 | L55: Laundry Bags in Use
A56: 27/117/1 | B56: 046C3894 | C56: 99908 Frida | D56: key | E56: Accommodation Keys | H56: 202347 | I56: 202347 Danni | J56: Bag 0916 | K56: 916 | L56: Laundry Bags in Use | M56: 046C3894
A57: 27/117/2 | B57: 94D1E293 | D57: key | E57: Accommodation Keys | H57: Bag 0318 | I57: sadmin | J57: Bag 0318 | K57: 318 | L57: Laundry Bags Depot
A58: 27/117/3 | B58: F443DE93 | D58: key | E58: Accommodation Keys | H58: Bag 1066 | I58: sadmin | J58: Bag 1066 | K58: 1066 | L58: Unreceived Bags
A59: 27/118/1 | B59: B4B2E193 | C59: 99906 Christoffer | D59: key | E59: Accommodation Keys | H59: 469660 | I59: 469660 Alexander | J59: Bag 0925 | K59: 925 | L59: Laundry Bags in Use | M59: B4B2E193
A60: 27/118/2 | B60: 040DCB93 | D60: key | E60: Accommodation Keys | H60: 492840 | I60: 492840 Pauline | J60: Bag 0923 | K60: 923 | L60: Laundry Bags in Use
A61: 27/118/3 | B61: 2408E193 | D61: key | E61: Accommodation Keys | H61: 495752 | I61: 495752 Lukas | J61: Bag 0650 | K61: 650 | L61: Laundry Bags in Use
A62: 27/119/1 | B62: 54A0F193 | C62: 99904 Philip | D62: key | E62: Accommodation Keys | H62: 498325 | I62: 498325 Luke | J62: Bag 0509 | K62: 509 | L62: Laundry Bags in Use | M62: 54A0F193
A63: 27/119/2 | B63: B459D393 | D63: key | E63: Accommodation Keys | H63: 23055 | I63: 023055 Eric | J63: Bag 1051 | K63: 1051 | L63: Laundry Bags in Use
A64: 27/119/3 | B64: 640EE093 | D64: key | E64: Accommodation Keys | H64: 465035 | I64: 465035 Andreas | J64: Bag 1084 | K64: 1084 | L64: Laundry Bags in Use
A65: 27/120/1 | B65: 74A5E293 | C65: 99902 Peter | D65: key | E65: Accommodation Keys | H65: Bag 0424 | I65: sadmin | J65: Bag 0424 | K65: 424 | L65: Unreceived Bags | M65: 74A5E293
A66: 27/120/2 | B66: 14EDDD93 | D66: key | E66: Accommodation Keys | H66: 496167 | I66: 410797 Christian | J66: Bag 0044 | L66: Laundry Bags in Use
A67: 27/120/3 | B67: 4492E593 | D67: key | E67: Accommodation Keys | H67: 301281 | I67: 301281 Scott | J67: Bag 1150 | K67: 1150 | L67: Laundry Bags in Use
A68: 27/2/E1/1 | B68: 94914494 | C68: sadmin | D68: key | E68: Accommodation Keys | H68: 473040 | I68: 473040 Bastien | J68: Bag 1200 | K68: 1200 | L68: Laundry Bags in Use
A69: 27/2/E1/2 | B69: 940ACF93 | C69: sadmin | D69: key | E69: Accommodation Keys | H69: 486075 | I69: 486075 Anton | J69: Bag 0895 | K69: 895 | L69: Laundry Bags in Use
A70: 27/2/E1/3 | B70: 5433E293 | C70: sadmin | D70: key | E70: Accommodation Keys | H70: 971109 | I70: 971109 Thomas | J70: Bag 0803 | K70: 803 | L70: Laundry Bags in Use
A71: 27/2/E2/1 | B71: D41A4494 | C71: sadmin | D71: key | E71: Accommodation Keys | H71: 519406 | I71: 519406 Samuel | J71: Bag 0152 | K71: 152 | L71: Laundry Bags in Use
A72: 27/2/E2/2 | B72: B4AFEC93 | C72: sadmin | D72: key | E72: Accommodation Keys | H72: 224340 | I72: 224340 René | J72: Bag 0035 | K72: 35 | L72: Laundry Bags in Use
A73: 27/2/E2/3 | B73: 84694694 | C73: sadmin | D73: key | E73: Accommodation Keys | H73: Bag 0350 | I73: sadmin | J73: Bag 0350 | K73: 350 | L73: Laundry Bags Depot
A74: 27/201/1 | B74: 9453E693 | C74: 99921 Elin | D74: key | E74: Accommodation Keys | H74: 497202 | I74: 497202 Cecilie | J74: Bag 0728 | K74: 728 | L74: Laundry Bags in Use | M74: 9453E693
A75: 27/201/2 | B75: 649AF193 | D75: key | E75: Accommodation Keys | H75: 497124 | I75: 497124 Kasper | J75: Bag 0011 | K75: 11 | L75: Laundry Bags in Use
A76: 27/201/3 | B76: 44BDCA93 | D76: key | E76: Accommodation Keys | H76: 544064 | I76: 544064 Alexandre | J76: Bag 0514 | K76: 514 | L76: Laundry Bags in Use
A77: 27/202/1 | B77: 84D9E893 | C77: 99923 William | D77: key | E77: Accommodation Keys | H77: Bag 0349 | I77: sadmin | J77: Bag 0349 | K77: 349 | L77: Laundry Bags Depot | M77: 84D9E893
A78: 27/202/2 | B78: 544AF293 | D78: key | E78: Accommodation Keys | H78: 490977 | I78: 490977 Christoffer | J78: Bag 0866 | K78: 866 | L78: Laundry Bags in Use
A79: 27/202/3 | B79: C4C2E793 | D79: key | E79: Accommodation Keys | H79: 496720 | I79: 496720 Mark | J79: Bag 1167 | K79: 1167 | L79: Laundry Bags in Use
A80: 27/203/1 | B80: F4FADE93 | C80: 99932 Elin | D80: key | E80: Accommodation Keys | H80: 370004 | I80: 370004 Christopher | J80: Bag 1030 | K80: 1030 | L80: Laundry Bags in Use | M80: F4FADE93
A81: 27/203/2 | B81: 7487E393 | C81: 99933 Julia | D81: key | E81: Accommodation Keys | H81: 40874 | I81: 040874 Dylan | J81: Bag 1157 | K81: 1157 | L81: Laundry Transportation | M81: 7487E393
A82: 27/203/3 | B82: B4F8E493 | D82: key | E82: Accommodation Keys | H82: 486003 | I82: 486003 Søren | J82: Bag 0530 | K82: 530 | L82: Laundry Bags in Use
A83: 27/204/1 | B83: 0479F493 | C83: 99936 Eric | D83: key | E83: Accommodation Keys | H83: 411408 | I83: 411408 Søren | J83: Bag 0125 | K83: 125 | L83: Laundry Bags in Use | M83: 04B6F493
A84: 27/204/2 | B84: 0479F493 | C84: 99937 Maria | D84: key | E84: Accommodation Keys | H84: 496672 | I84: 496672 Lucas | J84: Bag 1099 | K84: 1099 | L84: Laundry Bags in Use | M84: 0479F493
A85: 27/204/3 | B85: D4C6F293 | D85: key | E85: Accommodation Keys | H85: 481627 | I85: 481627 Paprika | J85: Bag 1130 | K85: 1130 | L85: Laundry Bags in Use
A86: 27/205/1 | B86: 049BE493 | C86: 99948 Rebecca B 13/1-20/1 Guest | D86: key | E86: Accommodation Keys | H86: 513520 | I86: 513520 Kasper | J86: Bag 1175 | K86: 1175 | L86: Laundry Bags in Use | M86: 049BE493
A87: 27/205/2 | B87: C416CC93 | C87: 99949 Cassandra B 13/1-20/1 Guest | D87: key | E87: Accommodation Keys | H87: 501415 | I87: 501415 Malthe | J87: Bag 0290 | K87: 290 | L87: Laundry Bags in Use | M87: C416CC93
A88: 27/205/3 | B88: 9455E693 | D88: key | E88: Accommodation Keys | H88: 508766 | I88: 508766 Bertram | J88: Bag 1169 | K88: 1169 | L88: Laundry Bags in Use
A89: 27/206/1 | B89: 9443F493 | C89: 99950 Daniel J 13/1-20/1 Guest | D89: key | E89: Accommodation Keys | H89: 213926 | I89: 213926 Michael | J89: Bag 0240 | K89: 240 | L89: Laundry Drop Off | M89: 9443F493
A90: 27/206/2 | B90: 7483E393 | D90: key | E90: Accommodation Keys | H90: 177841 | I90: 177841 Jens | J90: Bag 0165 | K90: 165 | L90: Laundry Bags in Use
A91: 27/206/3 | B91: 24E1E393 | D91: key | E91: Accommodation Keys | H91: 693439 | I91: 693439 Andrew | J91: Bag 0670 | K91: 670 | L91: Laundry Transportation
A92: 27/207/1 | B92: D426E393 | C92: 99951 Anton.W 13/1-20/1 Guest | D92: key | E92: Accommodation Keys | H92: 486517 | I92: 486517 Benjamin | J92: Bag 0647 | K92: 647 | L92: Laundry Bags in Use | M92: D426E393
A93: 27/207/2 | B93: 242BCC93 | D93: key | E93: Accommodation Keys | H93: 477832 | I93: 477832 Kristoffer | J93: Bag 0418 | K93: 418 | L93: Laundry Bags in Use
A94: 27/207/3 | B94: 145DE393 | D94: key | E94: Accommodation Keys | H94: 219455 | I94: 219455 Kenneth | J94: Bag 0976 | K94: 976 | L94: Laundry Bags in Use
A95: 27/208/1 | B95: 2488EA93 | C95: 99952 Isac A 13/1-20/1 Guest | D95: key | E95: Accommodation Keys | H95: Bag 0261 | I95: sadmin | J95: Bag 0261 | K95: 261 | L95: LOST ITEMS | M95: 2488EA93
A96: 27/208/2 | B96: 9432EB93 | C96: 99953 Liam B 13/1-20/1 Guest | D96: key | E96: Accommodation Keys | H96: Bag 0343 | I96: sadmin | J96: Bag 0343 | K96: 343 | L96: Laundry Bags Depot | M96: 9432EB93
A97: 27/208/3 | B97: 148FE193 | D97: key | E97: Accommodation Keys | H97: sadmin | I97: sadmin | J97: Bag 0048 | K97: 48 | L97: Laundry Bags Depot
A98: 27/209/1 | B98: 8445E593 | C98: 99954 Axel D 13/1-20/1 Guest | D98: key | E98: Accommodation Keys | H98: 469354 | I98: 469354 Jacob | J98: Bag 0027 | K98: 27 | L98: Laundry Bags in Use | M98: 8445E593
A99: 27/209/2 | B99: 240AE193 | C99: 99955 Viktor L 13/1-20/1 Guest | D99: key | E99: Accommodation Keys | H99: 222374 | I99: 222374 Nils | J99: Bag 0587 | K99: 587 | L99: Laundry Bags in Use | M99: 240AE193
A100: 27/209/3 | B100: 248AEA93 | D100: key | E100: Accommodation Keys | H100: 466321 | I100: 466321 Niclas | J100: Bag 0906 | K100: 906 | L100: Laundry Bags in Use
...

Sheet All
B2: # | C2: NAME, ID | D2: Nation | E2: Buil ding | F2: ROOM | L2: Placed Beds | P2: Date | T2: Remarks | Y2: Planed accomodation
F3: Used | G3: Single | H3: Double | I3: Triple | J3: Quadre | K3: Empty | L3: 1 | M3: 2 | N3: 3 | O3: 4 | P3: ETA | Q3: ETD | R3: MC | S3: L. Bag | Y3: Accomodated
C4: =G4+H4*2+I4*3 -> 105 | F4: =SUM(G4:I4) -> 52 | G4: =COUNTIFS(G6:K1251,"=Single") -> 9 | H4: =COUNTIFS(G6:K1251,"=Double") -> 33 | I4: =COUNTIFS(G6:K1251,"=Triple") -> 10 | J4: =COUNTIFS(G6:K1251,"=Quadre") -> 25 | K4: =COUNTIFS(G6:K1251,"=Empty") -> 1 | L4: =COUNTIFS(M6:O1251,"=1") -> 9 | M4: =COUNTIFS(M6:O1251,"=2") -> 33 | N4: =COUNTIFS(M6:O1251,"=3") -> 10 | O4: =COUNTIFS(M6:O1251,"=4") -> 27 | R4: ='27'!Z4+#REF!+#REF!+#REF!+#REF!+'32'!AB4+#REF!+#REF!+#REF!+#REF! -> #REF! | S4: ='27'!AA4+#REF!+#REF!+#REF!+#REF!+'32'!AC4+#REF!+#REF!+#REF!+#REF! -> #REF! | Y4: Leaved
L5: =SUM(M6:O1265) -> #REF! | M5: beds/rooms | O5: =L4+M4+N4+O4 -> 79 | Y5: Non correct date
B6: =COUNTA(C6)-IF(C6=0,1) -> 1 | C6: ='27'!M6 -> 99901 Richard | D6: =IF('27'!N6=0,"",'27'!N6) | E6: ='27'!O6 -> 27 | F6: ='27'!P6 -> 101 | G6: ='27'!Q6 -> Double | L6: ='27'!U6 -> 0 | M6: ='27'!V6 -> 2 | O6: ='27'!W6 -> 0 | P6: =IF('27'!X6=0,"",'27'!X6) | Q6: =IF('27'!Y6=0,"",'27'!Y6) | R6: =IF('27'!Z6=0,"",'27'!Z6) | S6: =IF('27'!AA6=0,"",'27'!AA6) -> #N/A | T6: Changed on 18.08
B7: =COUNTA(C7)-IF(C7=0,1)+B6 -> 1 | C7: ='27'!M7 -> 0 | D7: =IF('27'!N7=0,"",'27'!N7) -> DNK | E7: ='27'!O7 -> 27 | F7: ='27'!P7 -> 101 | L7: ='27'!U7 -> 2 | M7: ='27'!V7 -> 0 | O7: ='27'!W7 -> 0 | P7: =IF('27'!X7=0,"",'27'!X7) | Q7: =IF('27'!Y7=0,"",'27'!Y7) | R7: =IF('27'!Z7=0,"",'27'!Z7) -> 0002 | S7: =IF('27'!AA7=0,"",'27'!AA7) -> #N/A
B8: =COUNTA(C8)-IF(C8=0,1)+B7 -> 1 | C8: ='27'!M8 -> 0 | D8: =IF('27'!N8=0,"",'27'!N8) -> DNK | E8: ='27'!O8 -> 27 | F8: ='27'!P8 -> 101 | L8: ='27'!U8 -> 3 | M8: ='27'!V8 -> 0 | O8: ='27'!W8 -> 0 | P8: =IF('27'!X8=0,"",'27'!X8) | Q8: =IF('27'!Y8=0,"",'27'!Y8) | R8: =IF('27'!Z8=0,"",'27'!Z8) | S8: =IF('27'!AA8=0,"",'27'!AA8) -> #N/A | T8: Changed on 18.08
B9: =COUNTA(C9)-IF(C9=0,1)+B8 -> 2 | C9: ='27'!M9 -> 99903 Hakan | D9: =IF('27'!N9=0,"",'27'!N9) -> DNK | E9: ='27'!O9 -> 27 | F9: ='27'!P9 -> 102 | G9: ='27'!Q9 -> Double | L9: ='27'!U9 -> 1 | M9: ='27'!V9 -> 2 | O9: ='27'!W9 -> 0 | P9: =IF('27'!X9=0,"",'27'!X9) | Q9: =IF('27'!Y9=0,"",'27'!Y9) | R9: =IF('27'!Z9=0,"",'27'!Z9) -> 0004 | S9: =IF('27'!AA9=0,"",'27'!AA9) -> #N/A
B10: =COUNTA(C10)-IF(C10=0,1)+B9 -> 2 | C10: ='27'!M10 -> 0 | D10: =IF('27'!N10=0,"",'27'!N10) | E10: ='27'!O10 -> 27 | F10: ='27'!P10 -> 102 | L10: ='27'!U10 -> 0 | M10: ='27'!V10 -> 0 | O10: ='27'!W10 -> 0 | P10: =IF('27'!X10=0,"",'27'!X10) | Q10: =IF('27'!Y10=0,"",'27'!Y10) | R10: =IF('27'!Z10=0,"",'27'!Z10) | S10: =IF('27'!AA10=0,"",'27'!AA10) -> #N/A
B11: =COUNTA(C11)-IF(C11=0,1)+B10 -> 2 | C11: ='27'!M11 -> 0 | D11: =IF('27'!N11=0,"",'27'!N11) -> DNK | E11: ='27'!O11 -> 27 | F11: ='27'!P11 -> 102 | L11: ='27'!U11 -> 3 | M11: ='27'!V11 -> 0 | O11: ='27'!W11 -> 0 | P11: =IF('27'!X11=0,"",'27'!X11) | Q11: =IF('27'!Y11=0,"",'27'!Y11) | R11: =IF('27'!Z11=0,"",'27'!Z11) -> 0005 | S11: =IF('27'!AA11=0,"",'27'!AA11) -> #N/A
B12: =COUNTA(C12)-IF(C12=0,1)+B11 -> 3 | C12: ='27'!M12 -> 99905 Torbjorn | D12: =IF('27'!N12=0,"",'27'!N12) -> DNK | E12: ='27'!O12 -> 27 | F12: ='27'!P12 -> 103 | G12: ='27'!Q12 -> Double | H12: ='27'!R12 -> 0 | I12: ='27'!S12 -> 0 | K12: ='27'!T12 -> 0 | L12: ='27'!U12 -> 1 | M12: ='27'!V12 -> 2 | O12: ='27'!W12 -> 0 | P12: =IF('27'!X12=0,"",'27'!X12) | Q12: =IF('27'!Y12=0,"",'27'!Y12) | R12: =IF('27'!Z12=0,"",'27'!Z12) -> 0006 | S12: =IF('27'!AA12=0,"",'27'!AA12) -> Bag 0167
B13: =COUNTA(C13)-IF(C13=0,1)+B12 -> 3 | C13: ='27'!M13 -> 0 | D13: =IF('27'!N13=0,"",'27'!N13) | E13: ='27'!O13 -> 27 | F13: ='27'!P13 -> 103 | G13: ='27'!Q13 -> 0 | H13: ='27'!R13 -> 0 | I13: ='27'!S13 -> 0 | K13: ='27'!T13 -> 0 | L13: ='27'!U13 -> 0 | M13: ='27'!V13 -> 0 | O13: ='27'!W13 -> 0 | P13: =IF('27'!X13=0,"",'27'!X13) | Q13: =IF('27'!Y13=0,"",'27'!Y13) | R13: =IF('27'!Z13=0,"",'27'!Z13) | S13: =IF('27'!AA13=0,"",'27'!AA13) -> #N/A
B14: =COUNTA(C14)-IF(C14=0,1)+B13 -> 3 | C14: ='27'!M14 -> 0 | D14: =IF('27'!N14=0,"",'27'!N14) -> DNK | E14: ='27'!O14 -> 27 | F14: ='27'!P14 -> 103 | G14: ='27'!Q14 -> 0 | H14: ='27'!R14 -> 0 | I14: ='27'!S14 -> 0 | K14: ='27'!T14 -> 0 | L14: ='27'!U14 -> 3 | M14: ='27'!V14 -> 0 | O14: ='27'!W14 -> 0 | P14: =IF('27'!X14=0,"",'27'!X14) | Q14: =IF('27'!Y14=0,"",'27'!Y14) | R14: =IF('27'!Z14=0,"",'27'!Z14) -> 0007 | S14: =IF('27'!AA14=0,"",'27'!AA14) -> #N/A
B15: =COUNTA(C15)-IF(C15=0,1)+B14 -> 4 | C15: ='27'!M15 -> 99907 Kateryna | D15: =IF('27'!N15=0,"",'27'!N15) -> DNK | E15: ='27'!O15 -> 27 | F15: ='27'!P15 -> 104 | G15: ='27'!Q15 -> Triple | H15: ='27'!R15 -> 0 | I15: ='27'!S15 -> 0 | K15: ='27'!T15 -> 0 | L15: ='27'!U15 -> 1 | M15: ='27'!V15 -> 3 | O15: ='27'!W15 -> 0 | P15: =IF('27'!X15=0,"",'27'!X15) | Q15: =IF('27'!Y15=0,"",'27'!Y15) | R15: =IF('27'!Z15=0,"",'27'!Z15) -> 0008 | S15: =IF('27'!AA15=0,"",'27'!AA15) -> #N/A
B16: =COUNTA(C16)-IF(C16=0,1)+B15 -> 4 | C16: ='27'!M16 -> 0 | D16: =IF('27'!N16=0,"",'27'!N16) -> DNK | E16: ='27'!O16 -> 27 | F16: ='27'!P16 -> 104 | G16: ='27'!Q16 -> 0 | H16: ='27'!R16 -> 0 | I16: ='27'!S16 -> 0 | K16: ='27'!T16 -> 0 | L16: ='27'!U16 -> 2 | M16: ='27'!V16 -> 0 | O16: ='27'!W16 -> 0 | P16: =IF('27'!X16=0,"",'27'!X16) | Q16: =IF('27'!Y16=0,"",'27'!Y16) | R16: =IF('27'!Z16=0,"",'27'!Z16) -> 0010 | S16: =IF('27'!AA16=0,"",'27'!AA16) -> #N/A
B17: =COUNTA(C17)-IF(C17=0,1)+B16 -> 4 | C17: ='27'!M17 -> 0 | D17: =IF('27'!N17=0,"",'27'!N17) -> DNK | E17: ='27'!O17 -> 27 | F17: ='27'!P17 -> 104 | G17: ='27'!Q17 -> 0 | H17: ='27'!R17 -> 0 | I17: ='27'!S17 -> 0 | K17: ='27'!T17 -> 0 | L17: ='27'!U17 -> 3 | M17: ='27'!V17 -> 0 | O17: ='27'!W17 -> 0 | P17: =IF('27'!X17=0,"",'27'!X17) | Q17: =IF('27'!Y17=0,"",'27'!Y17) | R17: =IF('27'!Z17=0,"",'27'!Z17) -> 0009 | S17: =IF('27'!AA17=0,"",'27'!AA17) -> #N/A
B18: =COUNTA(C18)-IF(C18=0,1)+B17 -> 5 | C18: ='27'!M18 -> 99909 Bjorn | D18: =IF('27'!N18=0,"",'27'!N18) -> DNK | E18: ='27'!O18 -> 27 | F18: ='27'!P18 -> 105 | G18: ='27'!Q18 -> Double | H18: ='27'!R18 -> 0 | I18: ='27'!S18 -> 0 | K18: ='27'!T18 -> 0 | L18: ='27'!U18 -> 1 | M18: ='27'!V18 -> 2 | O18: ='27'!W18 -> 0 | P18: =IF('27'!X18=0,"",'27'!X18) | Q18: =IF('27'!Y18=0,"",'27'!Y18) | R18: =IF('27'!Z18=0,"",'27'!Z18) -> 0011 | S18: =IF('27'!AA18=0,"",'27'!AA18) -> #N/A
B19: =COUNTA(C19)-IF(C19=0,1)+B18 -> 5 | C19: ='27'!M19 -> 0 | D19: =IF('27'!N19=0,"",'27'!N19) | E19: ='27'!O19 -> 27 | F19: ='27'!P19 -> 105 | G19: ='27'!Q19 -> 0 | H19: ='27'!R19 -> 0 | I19: ='27'!S19 -> 0 | K19: ='27'!T19 -> 0 | L19: ='27'!U19 -> 0 | M19: ='27'!V19 -> 0 | O19: ='27'!W19 -> 0 | P19: =IF('27'!X19=0,"",'27'!X19) | Q19: =IF('27'!Y19=0,"",'27'!Y19) | R19: =IF('27'!Z19=0,"",'27'!Z19) | S19: =IF('27'!AA19=0,"",'27'!AA19) -> #N/A
B20: =COUNTA(C20)-IF(C20=0,1)+B19 -> 5 | C20: ='27'!M20 -> 0 | D20: =IF('27'!N20=0,"",'27'!N20) -> DNK | E20: ='27'!O20 -> 27 | F20: ='27'!P20 -> 105 | G20: ='27'!Q20 -> 0 | H20: ='27'!R20 -> 0 | I20: ='27'!S20 -> 0 | K20: ='27'!T20 -> 0 | L20: ='27'!U20 -> 3 | M20: ='27'!V20 -> 0 | O20: ='27'!W20 -> 0 | P20: =IF('27'!X20=0,"",'27'!X20) | Q20: =IF('27'!Y20=0,"",'27'!Y20) | R20: =IF('27'!Z20=0,"",'27'!Z20) -> 0012 | S20: =IF('27'!AA20=0,"",'27'!AA20) -> #N/A
B21: =COUNTA(C21)-IF(C21=0,1)+B20 -> 6 | C21: ='27'!M21 -> 99911 Bjorn | D21: =IF('27'!N21=0,"",'27'!N21) | E21: ='27'!O21 -> 27 | F21: ='27'!P21 -> 106 | G21: ='27'!Q21 -> Double | H21: ='27'!R21 -> 0 | I21: ='27'!S21 -> 0 | K21: ='27'!T21 -> 0 | L21: ='27'!U21 -> 0 | M21: ='27'!V21 -> 2 | O21: ='27'!W21 -> 0 | P21: =IF('27'!X21=0,"",'27'!X21) | Q21: =IF('27'!Y21=0,"",'27'!Y21) | R21: =IF('27'!Z21=0,"",'27'!Z21) | S21: =IF('27'!AA21=0,"",'27'!AA21) -> #N/A
B22: =COUNTA(C22)-IF(C22=0,1)+B21 -> 6 | C22: ='27'!M22 -> 0 | D22: =IF('27'!N22=0,"",'27'!N22) -> DNK | E22: ='27'!O22 -> 27 | F22: ='27'!P22 -> 106 | G22: ='27'!Q22 -> 0 | H22: ='27'!R22 -> 0 | I22: ='27'!S22 -> 0 | K22: ='27'!T22 -> 0 | L22: ='27'!U22 -> 2 | M22: ='27'!V22 -> 0 | O22: ='27'!W22 -> 0 | P22: =IF('27'!X22=0,"",'27'!X22) | Q22: =IF('27'!Y22=0,"",'27'!Y22) | R22: =IF('27'!Z22=0,"",'27'!Z22) -> 0013 | S22: =IF('27'!AA22=0,"",'27'!AA22) -> #N/A
B23: =COUNTA(C23)-IF(C23=0,1)+B22 -> 6 | C23: ='27'!M23 -> 0 | D23: =IF('27'!N23=0,"",'27'!N23) -> DNK | E23: ='27'!O23 -> 27 | F23: ='27'!P23 -> 106 | G23: ='27'!Q23 -> 0 | H23: ='27'!R23 -> 0 | I23: ='27'!S23 -> 0 | K23: ='27'!T23 -> 0 | L23: ='27'!U23 -> 3 | M23: ='27'!V23 -> 0 | O23: ='27'!W23 -> 0 | P23: =IF('27'!X23=0,"",'27'!X23) | Q23: =IF('27'!Y23=0,"",'27'!Y23) | R23: =IF('27'!Z23=0,"",'27'!Z23) -> 0014 | S23: =IF('27'!AA23=0,"",'27'!AA23) -> #N/A
... B83: =COUNTA(C83)-IF(C83=0,1)+B82 -> 29 | C83: ='27'!M83 -> 0 | D83: =IF('27'!N83=0,"",'27'!N83) -> DNK | E83: ='27'!O83 -> 27 | F83: ='27'!P83 -> 206 | G83: ='27'!Q83 -> 0 | H83: ='27'!R83 -> 0 | I83: ='27'!S83 -> 0 | K83: ='27'!T83 -> 0 | L83: ='27'!U83 -> 3 | M83: ='27'!V83 -> 0 | O83: ='27'!W83 -> 0 | P83: =IF('27'!X83=0,"",'27'!X83) | Q83: =IF('27'!Y83=0,"",'27'!Y83) | R83: =IF('27'!Z83=0,"",'27'!Z83) -> 0056 | S83: =IF('27'!AA83=0,"",'27'!AA83) -> #N/A
B84: =COUNTA(C84)-IF(C84=0,1)+B83 -> 30 | C84: ='27'!M84 -> 99951 Anton.W 13/1-20/1 Guest | D84: =IF('27'!N84=0,"",'27'!N84) | E84: ='27'!O84 -> 27 | F84: ='27'!P84 -> 207 | G84: ='27'!Q84 -> Single | H84: ='27'!R84 -> 0 | I84: ='27'!S84 -> 0 | K84: ='27'!T84 -> 0 | L84: ='27'!U84 -> 1 | M84: ='27'!V84 -> 1 | O84: ='27'!W84 -> 0 | P84: =IF('27'!X84=0,"",'27'!X84) | Q84: =IF('27'!Y84=0,"",'27'!Y84) | R84: =IF('27'!Z84=0,"",'27'!Z84) -> 0054 | S84: =IF('27'!AA84=0,"",'27'!AA84) -> #N/A | T84: 229827 Thomas, SIM 1, Checked out on 26.08/ MC0057/Bag0217 in the billeting
B85: =COUNTA(C85)-IF(C85=0,1)+B84 -> 30 | C85: ='27'!M85 -> 0 | D85: =IF('27'!N85=0,"",'27'!N85) | E85: ='27'!O85 -> 27 | F85: ='27'!P85 -> 207 | G85: ='27'!Q85 -> 0 | H85: ='27'!R85 -> 0 | I85: ='27'!S85 -> 0 | K85: ='27'!T85 -> 0 | L85: ='27'!U85 -> 0 | M85: ='27'!V85 -> 0 | O85: ='27'!W85 -> 0 | P85: =IF('27'!X85=0,"",'27'!X85) | Q85: =IF('27'!Y85=0,"",'27'!Y85) | R85: =IF('27'!Z85=0,"",'27'!Z85) | S85: =IF('27'!AA85=0,"",'27'!AA85) -> #N/A
B86: =COUNTA(C86)-IF(C86=0,1)+B85 -> 30 | C86: ='27'!M86 -> 0 | D86: =IF('27'!N86=0,"",'27'!N86) | E86: ='27'!O86 -> 27 | F86: ='27'!P86 -> 207 | G86: ='27'!Q86 -> 0 | H86: ='27'!R86 -> 0 | I86: ='27'!S86 -> 0 | K86: ='27'!T86 -> 0 | L86: ='27'!U86 -> 0 | M86: ='27'!V86 -> 0 | O86: ='27'!W86 -> 0 | P86: =IF('27'!X86=0,"",'27'!X86) | Q86: =IF('27'!Y86=0,"",'27'!Y86) | R86: =IF('27'!Z86=0,"",'27'!Z86) | S86: =IF('27'!AA86=0,"",'27'!AA86) -> #N/A
B87: =COUNTA(C87)-IF(C87=0,1)+B86 -> 31 | C87: ='27'!M87 -> 99952 Isac A 13/1-20/1 Guest | D87: =IF('27'!N87=0,"",'27'!N87) | E87: ='27'!O87 -> 27 | F87: ='27'!P87 -> 208 | G87: ='27'!Q87 -> Double | H87: ='27'!R87 -> 0 | I87: ='27'!S87 -> 0 | K87: ='27'!T87 -> 0 | L87: ='27'!U87 -> 0 | M87: ='27'!V87 -> 2 | O87: ='27'!W87 -> 0 | P87: =IF('27'!X87=0,"",'27'!X87) | Q87: =IF('27'!Y87=0,"",'27'!Y87) | R87: =IF('27'!Z87=0,"",'27'!Z87) | S87: =IF('27'!AA87=0,"",'27'!AA87) -> #N/A
B88: =COUNTA(C88)-IF(C88=0,1)+B87 -> 32 | C88: ='27'!M88 -> 99953 Liam B 13/1-20/1 Guest | D88: =IF('27'!N88=0,"",'27'!N88) -> DNK | E88: ='27'!O88 -> 27 | F88: ='27'!P88 -> 208 | G88: ='27'!Q88 -> 0 | H88: ='27'!R88 -> 0 | I88: ='27'!S88 -> 0 | K88: ='27'!T88 -> 0 | L88: ='27'!U88 -> 2 | M88: ='27'!V88 -> 0 | O88: ='27'!W88 -> 0 | P88: =IF('27'!X88=0,"",'27'!X88) | Q88: =IF('27'!Y88=0,"",'27'!Y88) | R88: =IF('27'!Z88=0,"",'27'!Z88) -> 0059 | S88: =IF('27'!AA88=0,"",'27'!AA88) -> #N/A
B89: =COUNTA(C89)-IF(C89=0,1)+B88 -> 32 | C89: ='27'!M89 -> 0 | D89: =IF('27'!N89=0,"",'27'!N89) -> DNK | E89: ='27'!O89 -> 27 | F89: ='27'!P89 -> 208 | G89: ='27'!Q89 -> 0 | H89: ='27'!R89 -> 0 | I89: ='27'!S89 -> 0 | K89: ='27'!T89 -> 0 | L89: ='27'!U89 -> 3 | M89: ='27'!V89 -> 0 | O89: ='27'!W89 -> 0 | P89: =IF('27'!X89=0,"",'27'!X89) | Q89: =IF('27'!Y89=0,"",'27'!Y89) | R89: =IF('27'!Z89=0,"",'27'!Z89) -> 0058 | S89: =IF('27'!AA89=0,"",'27'!AA89) -> #N/A
B90: =COUNTA(C90)-IF(C90=0,1)+B89 -> 33 | C90: ='27'!M90 -> 99954 Axel D 13/1-20/1 Guest | D90: =IF('27'!N90=0,"",'27'!N90) -> DNK | E90: ='27'!O90 -> 27 | F90: ='27'!P90 -> 209 | G90: ='27'!Q90 -> Double | H90: ='27'!R90 -> 0 | I90: ='27'!S90 -> 0 | K90: ='27'!T90 -> 0 | L90: ='27'!U90 -> 1 | M90: ='27'!V90 -> 2 | O90: ='27'!W90 -> 0 | P90: =IF('27'!X90=0,"",'27'!X90) | Q90: =IF('27'!Y90=0,"",'27'!Y90) | R90: =IF('27'!Z90=0,"",'27'!Z90) -> 0061 | S90: =IF('27'!AA90=0,"",'27'!AA90) -> #N/A
B91: =COUNTA(C91)-IF(C91=0,1)+B90 -> 34 | C91: ='27'!M91 -> 99955 Viktor L 13/1-20/1 Guest | D91: =IF('27'!N91=0,"",'27'!N91) -> DNK | E91: ='27'!O91 -> 27 | F91: ='27'!P91 -> 209 | G91: ='27'!Q91 -> 0 | H91: ='27'!R91 -> 0 | I91: ='27'!S91 -> 0 | K91: ='27'!T91 -> 0 | L91: ='27'!U91 -> 2 | M91: ='27'!V91 -> 0 | O91: ='27'!W91 -> 0 | P91: =IF('27'!X91=0,"",'27'!X91) | Q91: =IF('27'!Y91=0,"",'27'!Y91) | R91: =IF('27'!Z91=0,"",'27'!Z91) -> 0060 | S91: =IF('27'!AA91=0,"",'27'!AA91) -> #N/A
B92: =COUNTA(C92)-IF(C92=0,1)+B91 -> 34 | C92: ='27'!M92 -> 0 | D92: =IF('27'!N92=0,"",'27'!N92) | E92: ='27'!O92 -> 27 | F92: ='27'!P92 -> 209 | G92: ='27'!Q92 -> 0 | H92: ='27'!R92 -> 0 | I92: ='27'!S92 -> 0 | K92: ='27'!T92 -> 0 | L92: ='27'!U92 -> 0 | M92: ='27'!V92 -> 0 | O92: ='27'!W92 -> 0 | P92: =IF('27'!X92=0,"",'27'!X92) | Q92: =IF('27'!Y92=0,"",'27'!Y92) | R92: =IF('27'!Z92=0,"",'27'!Z92) | S92: =IF('27'!AA92=0,"",'27'!AA92) -> #N/A
B93: =COUNTA(C93)-IF(C93=0,1)+B92 -> 35 | C93: ='27'!M93 -> 99956 Albin A 13/1-20/1 Guest | D93: =IF('27'!N93=0,"",'27'!N93) | E93: ='27'!O93 -> 27 | F93: ='27'!P93 -> 210 | G93: ='27'!Q93 -> Double | H93: ='27'!R93 -> 0 | I93: ='27'!S93 -> 0 | K93: ='27'!T93 -> 0 | L93: ='27'!U93 -> 0 | M93: ='27'!V93 -> 2 | O93: ='27'!W93 -> 0 | P93: =IF('27'!X93=0,"",'27'!X93) | Q93: =IF('27'!Y93=0,"",'27'!Y93) | R93: =IF('27'!Z93=0,"",'27'!Z93) | S93: =IF('27'!AA93=0,"",'27'!AA93) -> #N/A
B94: =COUNTA(C94)-IF(C94=0,1)+B93 -> 36 | C94: ='27'!M94 -> 99957 Alfons B 13/1-20/1 Guest | D94: =IF('27'!N94=0,"",'27'!N94) -> DNK | E94: ='27'!O94 -> 27 | F94: ='27'!P94 -> 210 | G94: ='27'!Q94 -> 0 | H94: ='27'!R94 -> 0 | I94: ='27'!S94 -> 0 | K94: ='27'!T94 -> 0 | L94: ='27'!U94 -> 2 | M94: ='27'!V94 -> 0 | O94: ='27'!W94 -> 0 | P94: =IF('27'!X94=0,"",'27'!X94) | Q94: =IF('27'!Y94=0,"",'27'!Y94) | R94: =IF('27'!Z94=0,"",'27'!Z94) -> 0062 | S94: =IF('27'!AA94=0,"",'27'!AA94) -> #N/A
B95: =COUNTA(C95)-IF(C95=0,1)+B94 -> 36 | C95: ='27'!M95 -> 0 | D95: =IF('27'!N95=0,"",'27'!N95) -> DNK | E95: ='27'!O95 -> 27 | F95: ='27'!P95 -> 210 | G95: ='27'!Q95 -> 0 | H95: ='27'!R95 -> 0 | I95: ='27'!S95 -> 0 | K95: ='27'!T95 -> 0 | L95: ='27'!U95 -> 3 | M95: ='27'!V95 -> 0 | O95: ='27'!W95 -> 0 | P95: =IF('27'!X95=0,"",'27'!X95) | Q95: =IF('27'!Y95=0,"",'27'!Y95) | R95: =IF('27'!Z95=0,"",'27'!Z95) -> 0063 | S95: =IF('27'!AA95=0,"",'27'!AA95) -> #N/A
B96: =COUNTA(C96)-IF(C96=0,1)+B95 -> 37 | C96: ='27'!M96 -> 99958 Sam F 13/1-20/1 Guest | D96: =IF('27'!N96=0,"",'27'!N96) -> DNK | E96: ='27'!O96 -> 27 | F96: ='27'!P96 -> 211 | G96: ='27'!Q96 -> Double | H96: ='27'!R96 -> 0 | I96: ='27'!S96 -> 0 | K96: ='27'!T96 -> 0 | L96: ='27'!U96 -> 1 | M96: ='27'!V96 -> 2 | O96: ='27'!W96 -> 0 | P96: =IF('27'!X96=0,"",'27'!X96) | Q96: =IF('27'!Y96=0,"",'27'!Y96) | R96: =IF('27'!Z96=0,"",'27'!Z96) -> 0065 | S96: =IF('27'!AA96=0,"",'27'!AA96) -> #N/A
... B125: =COUNTA(C125)-IF(C125=0,1)+B124 -> 50 | C125: ='27'!M125 -> 0 | D125: =IF('27'!N125=0,"",'27'!N125) -> DNK | E125: ='27'!O125 -> 27 | F125: ='27'!P125 -> 220 | G125: ='27'!Q125 -> 0 | H125: ='27'!R125 -> 0 | I125: ='27'!S125 -> 0 | K125: ='27'!T125 -> 0 | L125: ='27'!U125 -> 3 | M125: ='27'!V125 -> 0 | O125: ='27'!W125 -> 0 | P125: =IF('27'!X125=0,"",'27'!X125) | Q125: =IF('27'!Y125=0,"",'27'!Y125) | R125: =IF('27'!Z125=0,"",'27'!Z125) -> 0871 | S125: =IF('27'!AA125=0,"",'27'!AA125) -> #N/A
B126: =COUNTA(C126)-IF(C126=0,1)+B125 -> #REF! | C126: =#REF! -> #REF! | D126: =IF(#REF!=0,"",#REF!) -> #REF! | E126: =IF(#REF!=0,"",#REF!) -> #REF! | F126: =IF(#REF!=0,"",#REF!) -> #REF! | G126: =#REF! -> #REF! | H126: ='27'!R126 -> 0 | I126: ='27'!S126 -> 0 | K126: ='27'!T126 -> 0 | L126: =#REF! -> #REF! | M126: =#REF! -> #REF! | O126: =#REF! -> #REF! | P126: =IF(#REF!=0,"",#REF!) -> #REF! | Q126: =IF(#REF!=0,"",#REF!) -> #REF! | R126: =IF(#REF!=0,"",#REF!) -> #REF! | S126: =IF(#REF!=0,"",#REF!) -> #REF!
B127: =COUNTA(C127)-IF(C127=0,1)+B126 -> #REF! | C127: =#REF! -> #REF! | D127: =IF(#REF!=0,"",#REF!) -> #REF! | E127: =IF(#REF!=0,"",#REF!) -> #REF! | F127: =IF(#REF!=0,"",#REF!) -> #REF! | G127: ='27'!Q127 -> 0 | H127: ='27'!R127 -> 0 | I127: ='27'!S127 -> 0 | K127: ='27'!T127 -> 0 | L127: =#REF! -> #REF! | M127: =#REF! -> #REF! | O127: =#REF! -> #REF! | P127: =IF(#REF!=0,"",#REF!) -> #REF! | Q127: =IF(#REF!=0,"",#REF!) -> #REF! | R127: =IF(#REF!=0,"",#REF!) -> #REF! | S127: =IF(#REF!=0,"",#REF!) -> #REF!
B128: =COUNTA(C128)-IF(C128=0,1)+B127 -> #REF! | C128: =#REF! -> #REF! | D128: =IF(#REF!=0,"",#REF!) -> #REF! | E128: =IF(#REF!=0,"",#REF!) -> #REF! | F128: =IF(#REF!=0,"",#REF!) -> #REF! | G128: ='27'!Q128 -> 0 | H128: ='27'!R128 -> 0 | I128: ='27'!S128 -> 0 | K128: ='27'!T128 -> 0 | L128: =#REF! -> #REF! | M128: =#REF! -> #REF! | O128: =#REF! -> #REF! | P128: =IF(#REF!=0,"",#REF!) -> #REF! | Q128: =IF(#REF!=0,"",#REF!) -> #REF! | R128: =IF(#REF!=0,"",#REF!) -> #REF! | S128: =IF(#REF!=0,"",#REF!) -> #REF!
B129: =COUNTA(C129)-IF(C129=0,1)+B128 -> #REF! | C129: =#REF! -> #REF! | D129: =IF(#REF!=0,"",#REF!) -> #REF! | E129: =IF(#REF!=0,"",#REF!) -> #REF! | F129: =IF(#REF!=0,"",#REF!) -> #REF! | G129: =#REF! -> #REF! | H129: ='27'!R129 -> 0 | I129: ='27'!S129 -> 0 | K129: ='27'!T129 -> 0 | L129: =#REF! -> #REF! | M129: =#REF! -> #REF! | O129: =#REF! -> #REF! | P129: =IF(#REF!=0,"",#REF!) -> #REF! | Q129: =IF(#REF!=0,"",#REF!) -> #REF! | R129: =IF(#REF!=0,"",#REF!) -> #REF! | S129: =IF(#REF!=0,"",#REF!) -> #REF!
B130: =COUNTA(C130)-IF(C130=0,1)+B129 -> #REF! | C130: =#REF! -> #REF! | D130: =IF(#REF!=0,"",#REF!) -> #REF! | E130: =IF(#REF!=0,"",#REF!) -> #REF! | F130: =IF(#REF!=0,"",#REF!) -> #REF! | G130: ='27'!Q130 -> 0 | H130: ='27'!R130 -> 0 | I130: ='27'!S130 -> 0 | K130: ='27'!T130 -> 0 | L130: =#REF! -> #REF! | M130: =#REF! -> #REF! | O130: =#REF! -> #REF! | P130: =IF(#REF!=0,"",#REF!) -> #REF! | Q130: =IF(#REF!=0,"",#REF!) -> #REF! | R130: =IF(#REF!=0,"",#REF!) -> #REF! | S130: =IF(#REF!=0,"",#REF!) -> #REF!
B131: =COUNTA(C131)-IF(C131=0,1)+B130 -> #REF! | C131: =#REF! -> #REF! | D131: =IF(#REF!=0,"",#REF!) -> #REF! | E131: =IF(#REF!=0,"",#REF!) -> #REF! | F131: =IF(#REF!=0,"",#REF!) -> #REF! | G131: ='27'!Q131 -> 0 | H131: ='27'!R131 -> 0 | I131: ='27'!S131 -> 0 | K131: ='27'!T131 -> 0 | L131: =#REF! -> #REF! | M131: =#REF! -> #REF! | O131: =#REF! -> #REF! | P131: =IF(#REF!=0,"",#REF!) -> #REF! | Q131: =IF(#REF!=0,"",#REF!) -> #REF! | R131: =IF(#REF!=0,"",#REF!) -> #REF! | S131: =IF(#REF!=0,"",#REF!) -> #REF!
B132: =COUNTA(C132)-IF(C132=0,1)+B131 -> #REF! | C132: =#REF! -> #REF! | D132: =IF(#REF!=0,"",#REF!) -> #REF! | E132: =IF(#REF!=0,"",#REF!) -> #REF! | F132: =IF(#REF!=0,"",#REF!) -> #REF! | G132: =#REF! -> #REF! | H132: ='27'!R132 -> 0 | I132: ='27'!S132 -> 0 | K132: ='27'!T132 -> 0 | L132: =#REF! -> #REF! | M132: =#REF! -> #REF! | O132: =#REF! -> #REF! | P132: =IF(#REF!=0,"",#REF!) -> #REF! | Q132: =IF(#REF!=0,"",#REF!) -> #REF! | R132: =IF(#REF!=0,"",#REF!) -> #REF! | S132: =IF(#REF!=0,"",#REF!) -> #REF!
B133: =COUNTA(C133)-IF(C133=0,1)+B132 -> #REF! | C133: =#REF! -> #REF! | D133: =IF(#REF!=0,"",#REF!) -> #REF! | E133: =IF(#REF!=0,"",#REF!) -> #REF! | F133: =IF(#REF!=0,"",#REF!) -> #REF! | G133: ='27'!Q133 -> 0 | H133: ='27'!R133 -> 0 | I133: ='27'!S133 -> 0 | K133: ='27'!T133 -> 0 | L133: =#REF! -> #REF! | M133: =#REF! -> #REF! | O133: =#REF! -> #REF! | P133: =IF(#REF!=0,"",#REF!) -> #REF! | Q133: =IF(#REF!=0,"",#REF!) -> #REF! | R133: =IF(#REF!=0,"",#REF!) -> #REF! | S133: =IF(#REF!=0,"",#REF!) -> #REF!
B134: =COUNTA(C134)-IF(C134=0,1)+B133 -> #REF! | C134: =#REF! -> #REF! | D134: =IF(#REF!=0,"",#REF!) -> #REF! | E134: =IF(#REF!=0,"",#REF!) -> #REF! | F134: =IF(#REF!=0,"",#REF!) -> #REF! | G134: ='27'!Q134 -> 0 | H134: ='27'!R134 -> 0 | I134: ='27'!S134 -> 0 | K134: ='27'!T134 -> 0 | L134: =#REF! -> #REF! | M134: =#REF! -> #REF! | O134: =#REF! -> #REF! | P134: =IF(#REF!=0,"",#REF!) -> #REF! | Q134: =IF(#REF!=0,"",#REF!) -> #REF! | R134: =IF(#REF!=0,"",#REF!) -> #REF! | S134: =IF(#REF!=0,"",#REF!) -> #REF!
B135: =COUNTA(C135)-IF(C135=0,1)+B134 -> #REF! | C135: =#REF! -> #REF! | D135: =IF(#REF!=0,"",#REF!) -> #REF! | E135: =IF(#REF!=0,"",#REF!) -> #REF! | F135: =IF(#REF!=0,"",#REF!) -> #REF! | G135: =#REF! -> #REF! | H135: ='27'!R135 -> 0 | I135: ='27'!S135 -> 0 | K135: ='27'!T135 -> 0 | L135: =#REF! -> #REF! | M135: =#REF! -> #REF! | O135: =#REF! -> #REF! | P135: =IF(#REF!=0,"",#REF!) -> #REF! | Q135: =IF(#REF!=0,"",#REF!) -> #REF! | R135: =IF(#REF!=0,"",#REF!) -> #REF! | S135: =IF(#REF!=0,"",#REF!) -> #REF!
B136: =COUNTA(C136)-IF(C136=0,1)+B135 -> #REF! | C136: =#REF! -> #REF! | D136: =IF(#REF!=0,"",#REF!) -> #REF! | E136: =IF(#REF!=0,"",#REF!) -> #REF! | F136: =IF(#REF!=0,"",#REF!) -> #REF! | G136: ='27'!Q136 -> 0 | H136: ='27'!R136 -> 0 | I136: ='27'!S136 -> 0 | K136: ='27'!T136 -> 0 | L136: =#REF! -> #REF! | M136: =#REF! -> #REF! | O136: =#REF! -> #REF! | P136: =IF(#REF!=0,"",#REF!) -> #REF! | Q136: =IF(#REF!=0,"",#REF!) -> #REF! | R136: =IF(#REF!=0,"",#REF!) -> #REF! | S136: =IF(#REF!=0,"",#REF!) -> #REF!
B137: =COUNTA(C137)-IF(C137=0,1)+B136 -> #REF! | C137: =#REF! -> #REF! | D137: =IF(#REF!=0,"",#REF!) -> #REF! | E137: =IF(#REF!=0,"",#REF!) -> #REF! | F137: =IF(#REF!=0,"",#REF!) -> #REF! | G137: ='27'!Q137 -> 0 | H137: ='27'!R137 -> 0 | I137: ='27'!S137 -> 0 | K137: ='27'!T137 -> 0 | L137: =#REF! -> #REF! | M137: =#REF! -> #REF! | O137: =#REF! -> #REF! | P137: =IF(#REF!=0,"",#REF!) -> #REF! | Q137: =IF(#REF!=0,"",#REF!) -> #REF! | R137: =IF(#REF!=0,"",#REF!) -> #REF! | S137: =IF(#REF!=0,"",#REF!) -> #REF!
B138: =COUNTA(C138)-IF(C138=0,1)+B137 -> #REF! | C138: =#REF! -> #REF! | D138: =IF(#REF!=0,"",#REF!) -> #REF! | E138: =IF(#REF!=0,"",#REF!) -> #REF! | F138: =IF(#REF!=0,"",#REF!) -> #REF! | G138: =#REF! -> #REF! | H138: ='27'!R138 -> 0 | I138: ='27'!S138 -> 0 | K138: ='27'!T138 -> 0 | L138: =#REF! -> #REF! | M138: =#REF! -> #REF! | O138: =#REF! -> #REF! | P138: =IF(#REF!=0,"",#REF!) -> #REF! | Q138: =IF(#REF!=0,"",#REF!) -> #REF! | R138: =IF(#REF!=0,"",#REF!) -> #REF! | S138: =IF(#REF!=0,"",#REF!) -> #REF!
B139: =COUNTA(C139)-IF(C139=0,1)+B138 -> #REF! | C139: =#REF! -> #REF! | D139: =IF(#REF!=0,"",#REF!) -> #REF! | E139: =IF(#REF!=0,"",#REF!) -> #REF! | F139: =IF(#REF!=0,"",#REF!) -> #REF! | G139: ='27'!Q139 -> 0 | H139: ='27'!R139 -> 0 | I139: ='27'!S139 -> 0 | K139: ='27'!T139 -> 0 | L139: =#REF! -> #REF! | M139: =#REF! -> #REF! | O139: =#REF! -> #REF! | P139: =IF(#REF!=0,"",#REF!) -> #REF! | Q139: =IF(#REF!=0,"",#REF!) -> #REF! | R139: =IF(#REF!=0,"",#REF!) -> #REF! | S139: =IF(#REF!=0,"",#REF!) -> #REF!
B140: =COUNTA(C140)-IF(C140=0,1)+B139 -> #REF! | C140: =#REF! -> #REF! | D140: =IF(#REF!=0,"",#REF!) -> #REF! | E140: =IF(#REF!=0,"",#REF!) -> #REF! | F140: =IF(#REF!=0,"",#REF!) -> #REF! | G140: ='27'!Q140 -> 0 | H140: ='27'!R140 -> 0 | I140: ='27'!S140 -> 0 | K140: ='27'!T140 -> 0 | L140: =#REF! -> #REF! | M140: =#REF! -> #REF! | O140: =#REF! -> #REF! | P140: =IF(#REF!=0,"",#REF!) -> #REF! | Q140: =IF(#REF!=0,"",#REF!) -> #REF! | R140: =IF(#REF!=0,"",#REF!) -> #REF! | S140: =IF(#REF!=0,"",#REF!) -> #REF!
B141: =COUNTA(C141)-IF(C141=0,1)+B140 -> #REF! | C141: =#REF! -> #REF! | D141: =IF(#REF!=0,"",#REF!) -> #REF! | E141: =IF(#REF!=0,"",#REF!) -> #REF! | F141: =IF(#REF!=0,"",#REF!) -> #REF! | G141: =#REF! -> #REF! | H141: ='27'!R141 -> 0 | I141: ='27'!S141 -> 0 | K141: ='27'!T141 -> 0 | L141: =#REF! -> #REF! | M141: =#REF! -> #REF! | O141: =#REF! -> #REF! | P141: =IF(#REF!=0,"",#REF!) -> #REF! | Q141: =IF(#REF!=0,"",#REF!) -> #REF! | R141: =IF(#REF!=0,"",#REF!) -> #REF! | S141: =IF(#REF!=0,"",#REF!) -> #REF!
B142: =COUNTA(C142)-IF(C142=0,1)+B141 -> #REF! | C142: =#REF! -> #REF! | D142: =IF(#REF!=0,"",#REF!) -> #REF! | E142: =IF(#REF!=0,"",#REF!) -> #REF! | F142: =IF(#REF!=0,"",#REF!) -> #REF! | G142: ='27'!Q142 -> 0 | H142: ='27'!R142 -> 0 | I142: ='27'!S142 -> 0 | K142: ='27'!T142 -> 0 | L142: =#REF! -> #REF! | M142: =#REF! -> #REF! | O142: =#REF! -> #REF! | P142: =IF(#REF!=0,"",#REF!) -> #REF! | Q142: =IF(#REF!=0,"",#REF!) -> #REF! | R142: =IF(#REF!=0,"",#REF!) -> #REF! | S142: =IF(#REF!=0,"",#REF!) -> #REF!
B143: =COUNTA(C143)-IF(C143=0,1)+B142 -> #REF! | C143: =#REF! -> #REF! | D143: =IF(#REF!=0,"",#REF!) -> #REF! | E143: =IF(#REF!=0,"",#REF!) -> #REF! | F143: =IF(#REF!=0,"",#REF!) -> #REF! | G143: ='27'!Q143 -> 0 | H143: ='27'!R143 -> 0 | I143: ='27'!S143 -> 0 | K143: ='27'!T143 -> 0 | L143: =#REF! -> #REF! | M143: =#REF! -> #REF! | O143: =#REF! -> #REF! | P143: =IF(#REF!=0,"",#REF!) -> #REF! | Q143: =IF(#REF!=0,"",#REF!) -> #REF! | R143: =IF(#REF!=0,"",#REF!) -> #REF! | S143: =IF(#REF!=0,"",#REF!) -> #REF!
B144: =COUNTA(C144)-IF(C144=0,1)+B143 -> #REF! | C144: =#REF! -> #REF! | D144: =IF(#REF!=0,"",#REF!) -> #REF! | E144: =IF(#REF!=0,"",#REF!) -> #REF! | F144: =IF(#REF!=0,"",#REF!) -> #REF! | G144: =#REF! -> #REF! | H144: ='27'!R144 -> 0 | I144: ='27'!S144 -> 0 | K144: ='27'!T144 -> 0 | L144: =#REF! -> #REF! | M144: =#REF! -> #REF! | O144: =#REF! -> #REF! | P144: =IF(#REF!=0,"",#REF!) -> #REF! | Q144: =IF(#REF!=0,"",#REF!) -> #REF! | R144: =IF(#REF!=0,"",#REF!) -> #REF! | S144: =IF(#REF!=0,"",#REF!) -> #REF!
B145: =COUNTA(C145)-IF(C145=0,1)+B144 -> #REF! | C145: =#REF! -> #REF! | D145: =IF(#REF!=0,"",#REF!) -> #REF! | E145: =IF(#REF!=0,"",#REF!) -> #REF! | F145: =IF(#REF!=0,"",#REF!) -> #REF! | G145: ='27'!Q145 -> 0 | H145: ='27'!R145 -> 0 | I145: ='27'!S145 -> 0 | K145: ='27'!T145 -> 0 | L145: =#REF! -> #REF! | M145: =#REF! -> #REF! | O145: =#REF! -> #REF! | P145: =IF(#REF!=0,"",#REF!) -> #REF! | Q145: =IF(#REF!=0,"",#REF!) -> #REF! | R145: =IF(#REF!=0,"",#REF!) -> #REF! | S145: =IF(#REF!=0,"",#REF!) -> #REF!
B146: =COUNTA(C146)-IF(C146=0,1)+B145 -> #REF! | C146: =#REF! -> #REF! | D146: =IF(#REF!=0,"",#REF!) -> #REF! | E146: =IF(#REF!=0,"",#REF!) -> #REF! | F146: =IF(#REF!=0,"",#REF!) -> #REF! | G146: ='27'!Q146 -> 0 | H146: ='27'!R146 -> 0 | I146: ='27'!S146 -> 0 | K146: ='27'!T146 -> 0 | L146: =#REF! -> #REF! | M146: =#REF! -> #REF! | O146: =#REF! -> #REF! | P146: =IF(#REF!=0,"",#REF!) -> #REF! | Q146: =IF(#REF!=0,"",#REF!) -> #REF! | R146: =IF(#REF!=0,"",#REF!) -> #REF! | S146: =IF(#REF!=0,"",#REF!) -> #REF!
B147: =COUNTA(C147)-IF(C147=0,1)+B146 -> #REF! | C147: =#REF! -> #REF! | D147: =IF(#REF!=0,"",#REF!) -> #REF! | E147: =IF(#REF!=0,"",#REF!) -> #REF! | F147: =IF(#REF!=0,"",#REF!) -> #REF! | G147: =#REF! -> #REF! | H147: ='27'!R147 -> 0 | I147: ='27'!S147 -> 0 | K147: ='27'!T147 -> 0 | L147: =#REF! -> #REF! | M147: =#REF! -> #REF! | O147: =#REF! -> #REF! | P147: =IF(#REF!=0,"",#REF!) -> #REF! | Q147: =IF(#REF!=0,"",#REF!) -> #REF! | R147: =IF(#REF!=0,"",#REF!) -> #REF! | S147: =IF(#REF!=0,"",#REF!) -> #REF!
B148: =COUNTA(C148)-IF(C148=0,1)+B147 -> #REF! | C148: =#REF! -> #REF! | D148: =IF(#REF!=0,"",#REF!) -> #REF! | E148: =IF(#REF!=0,"",#REF!) -> #REF! | F148: =IF(#REF!=0,"",#REF!) -> #REF! | G148: ='27'!Q148 -> 0 | H148: ='27'!R148 -> 0 | I148: ='27'!S148 -> 0 | K148: ='27'!T148 -> 0 | L148: =#REF! -> #REF! | M148: =#REF! -> #REF! | O148: =#REF! -> #REF! | P148: =IF(#REF!=0,"",#REF!) -> #REF! | Q148: =IF(#REF!=0,"",#REF!) -> #REF! | R148: =IF(#REF!=0,"",#REF!) -> #REF! | S148: =IF(#REF!=0,"",#REF!) -> #REF!
B149: =COUNTA(C149)-IF(C149=0,1)+B148 -> #REF! | C149: =#REF! -> #REF! | D149: =IF(#REF!=0,"",#REF!) -> #REF! | E149: =IF(#REF!=0,"",#REF!) -> #REF! | F149: =IF(#REF!=0,"",#REF!) -> #REF! | G149: ='27'!Q149 -> 0 | H149: ='27'!R149 -> 0 | I149: ='27'!S149 -> 0 | K149: ='27'!T149 -> 0 | L149: =#REF! -> #REF! | M149: =#REF! -> #REF! | O149: =#REF! -> #REF! | P149: =IF(#REF!=0,"",#REF!) -> #REF! | Q149: =IF(#REF!=0,"",#REF!) -> #REF! | R149: =IF(#REF!=0,"",#REF!) -> #REF! | S149: =IF(#REF!=0,"",#REF!) -> #REF!
B150: =COUNTA(C150)-IF(C150=0,1)+B149 -> #REF! | C150: =#REF! -> #REF! | D150: =IF(#REF!=0,"",#REF!) -> #REF! | E150: =IF(#REF!=0,"",#REF!) -> #REF! | F150: =IF(#REF!=0,"",#REF!) -> #REF! | G150: =#REF! -> #REF! | H150: ='27'!R150 -> 0 | I150: ='27'!S150 -> 0 | K150: ='27'!T150 -> 0 | L150: =#REF! -> #REF! | M150: =#REF! -> #REF! | O150: =#REF! -> #REF! | P150: =IF(#REF!=0,"",#REF!) -> #REF! | Q150: =IF(#REF!=0,"",#REF!) -> #REF! | R150: =IF(#REF!=0,"",#REF!) -> #REF! | S150: =IF(#REF!=0,"",#REF!) -> #REF!
B151: =COUNTA(C151)-IF(C151=0,1)+B150 -> #REF! | C151: =#REF! -> #REF! | D151: =IF(#REF!=0,"",#REF!) -> #REF! | E151: =IF(#REF!=0,"",#REF!) -> #REF! | F151: =IF(#REF!=0,"",#REF!) -> #REF! | G151: ='27'!Q151 -> 0 | H151: ='27'!R151 -> 0 | I151: ='27'!S151 -> 0 | K151: ='27'!T151 -> 0 | L151: =#REF! -> #REF! | M151: =#REF! -> #REF! | O151: =#REF! -> #REF! | P151: =IF(#REF!=0,"",#REF!) -> #REF! | Q151: =IF(#REF!=0,"",#REF!) -> #REF! | R151: =IF(#REF!=0,"",#REF!) -> #REF! | S151: =IF(#REF!=0,"",#REF!) -> #REF!
B152: =COUNTA(C152)-IF(C152=0,1)+B151 -> #REF! | C152: =#REF! -> #REF! | D152: =IF(#REF!=0,"",#REF!) -> #REF! | E152: =IF(#REF!=0,"",#REF!) -> #REF! | F152: =IF(#REF!=0,"",#REF!) -> #REF! | G152: ='27'!Q152 -> 0 | H152: ='27'!R152 -> 0 | I152: ='27'!S152 -> 0 | K152: ='27'!T152 -> 0 | L152: =#REF! -> #REF! | M152: =#REF! -> #REF! | O152: =#REF! -> #REF! | P152: =IF(#REF!=0,"",#REF!) -> #REF! | Q152: =IF(#REF!=0,"",#REF!) -> #REF! | R152: =IF(#REF!=0,"",#REF!) -> #REF! | S152: =IF(#REF!=0,"",#REF!) -> #REF!
B153: =COUNTA(C153)-IF(C153=0,1)+B152 -> #REF! | C153: =#REF! -> #REF! | D153: =IF(#REF!=0,"",#REF!) -> #REF! | E153: =IF(#REF!=0,"",#REF!) -> #REF! | F153: =IF(#REF!=0,"",#REF!) -> #REF! | G153: =#REF! -> #REF! | H153: ='27'!R153 -> 0 | I153: ='27'!S153 -> 0 | K153: ='27'!T153 -> 0 | L153: =#REF! -> #REF! | M153: =#REF! -> #REF! | O153: =#REF! -> #REF! | P153: =IF(#REF!=0,"",#REF!) -> #REF! | Q153: =IF(#REF!=0,"",#REF!) -> #REF! | R153: =IF(#REF!=0,"",#REF!) -> #REF! | S153: =IF(#REF!=0,"",#REF!) -> #REF!
B154: =COUNTA(C154)-IF(C154=0,1)+B153 -> #REF! | C154: =#REF! -> #REF! | D154: =IF(#REF!=0,"",#REF!) -> #REF! | E154: =IF(#REF!=0,"",#REF!) -> #REF! | F154: =IF(#REF!=0,"",#REF!) -> #REF! | G154: ='27'!Q154 -> 0 | H154: ='27'!R154 -> 0 | I154: ='27'!S154 -> 0 | K154: ='27'!T154 -> 0 | L154: =#REF! -> #REF! | M154: =#REF! -> #REF! | O154: =#REF! -> #REF! | P154: =IF(#REF!=0,"",#REF!) -> #REF! | Q154: =IF(#REF!=0,"",#REF!) -> #REF! | R154: =IF(#REF!=0,"",#REF!) -> #REF! | S154: =IF(#REF!=0,"",#REF!) -> #REF!
B155: =COUNTA(C155)-IF(C155=0,1)+B154 -> #REF! | C155: =#REF! -> #REF! | D155: =IF(#REF!=0,"",#REF!) -> #REF! | E155: =IF(#REF!=0,"",#REF!) -> #REF! | F155: =IF(#REF!=0,"",#REF!) -> #REF! | G155: ='27'!Q155 -> 0 | H155: ='27'!R155 -> 0 | I155: ='27'!S155 -> 0 | K155: ='27'!T155 -> 0 | L155: =#REF! -> #REF! | M155: =#REF! -> #REF! | O155: =#REF! -> #REF! | P155: =IF(#REF!=0,"",#REF!) -> #REF! | Q155: =IF(#REF!=0,"",#REF!) -> #REF! | R155: =IF(#REF!=0,"",#REF!) -> #REF! | S155: =IF(#REF!=0,"",#REF!) -> #REF!
B156: =COUNTA(C156)-IF(C156=0,1)+B155 -> #REF! | C156: =#REF! -> #REF! | D156: =IF(#REF!=0,"",#REF!) -> #REF! | E156: =IF(#REF!=0,"",#REF!) -> #REF! | F156: =IF(#REF!=0,"",#REF!) -> #REF! | G156: =#REF! -> #REF! | H156: ='27'!R156 -> 0 | I156: ='27'!S156 -> 0 | K156: ='27'!T156 -> 0 | L156: =#REF! -> #REF! | M156: =#REF! -> #REF! | O156: =#REF! -> #REF! | P156: =IF(#REF!=0,"",#REF!) -> #REF! | Q156: =IF(#REF!=0,"",#REF!) -> #REF! | R156: =IF(#REF!=0,"",#REF!) -> #REF! | S156: =IF(#REF!=0,"",#REF!) -> #REF!
B157: =COUNTA(C157)-IF(C157=0,1)+B156 -> #REF! | C157: =#REF! -> #REF! | D157: =IF(#REF!=0,"",#REF!) -> #REF! | E157: =IF(#REF!=0,"",#REF!) -> #REF! | F157: =IF(#REF!=0,"",#REF!) -> #REF! | G157: ='27'!Q157 -> 0 | H157: ='27'!R157 -> 0 | I157: ='27'!S157 -> 0 | K157: ='27'!T157 -> 0 | L157: =#REF! -> #REF! | M157: =#REF! -> #REF! | O157: =#REF! -> #REF! | P157: =IF(#REF!=0,"",#REF!) -> #REF! | Q157: =IF(#REF!=0,"",#REF!) -> #REF! | R157: =IF(#REF!=0,"",#REF!) -> #REF! | S157: =IF(#REF!=0,"",#REF!) -> #REF!
B158: =COUNTA(C158)-IF(C158=0,1)+B157 -> #REF! | C158: =#REF! -> #REF! | D158: =IF(#REF!=0,"",#REF!) -> #REF! | E158: =IF(#REF!=0,"",#REF!) -> #REF! | F158: =IF(#REF!=0,"",#REF!) -> #REF! | G158: ='27'!Q158 -> 0 | H158: ='27'!R158 -> 0 | I158: ='27'!S158 -> 0 | K158: ='27'!T158 -> 0 | L158: =#REF! -> #REF! | M158: =#REF! -> #REF! | O158: =#REF! -> #REF! | P158: =IF(#REF!=0,"",#REF!) -> #REF! | Q158: =IF(#REF!=0,"",#REF!) -> #REF! | R158: =IF(#REF!=0,"",#REF!) -> #REF! | S158: =IF(#REF!=0,"",#REF!) -> #REF!
B159: =COUNTA(C159)-IF(C159=0,1)+B158 -> #REF! | C159: =#REF! -> #REF! | D159: =IF(#REF!=0,"",#REF!) -> #REF! | E159: =IF(#REF!=0,"",#REF!) -> #REF! | F159: =IF(#REF!=0,"",#REF!) -> #REF! | G159: =#REF! -> #REF! | H159: ='27'!R159 -> 0 | I159: ='27'!S159 -> 0 | K159: ='27'!T159 -> 0 | L159: =#REF! -> #REF! | M159: =#REF! -> #REF! | O159: =#REF! -> #REF! | P159: =IF(#REF!=0,"",#REF!) -> #REF! | Q159: =IF(#REF!=0,"",#REF!) -> #REF! | R159: =IF(#REF!=0,"",#REF!) -> #REF! | S159: =IF(#REF!=0,"",#REF!) -> #REF!
B160: =COUNTA(C160)-IF(C160=0,1)+B159 -> #REF! | C160: =#REF! -> #REF! | D160: =IF(#REF!=0,"",#REF!) -> #REF! | E160: =IF(#REF!=0,"",#REF!) -> #REF! | F160: =IF(#REF!=0,"",#REF!) -> #REF! | G160: ='27'!Q160 -> 0 | H160: ='27'!R160 -> 0 | I160: ='27'!S160 -> 0 | K160: ='27'!T160 -> 0 | L160: =#REF! -> #REF! | M160: =#REF! -> #REF! | O160: =#REF! -> #REF! | P160: =IF(#REF!=0,"",#REF!) -> #REF! | Q160: =IF(#REF!=0,"",#REF!) -> #REF! | R160: =IF(#REF!=0,"",#REF!) -> #REF! | S160: =IF(#REF!=0,"",#REF!) -> #REF!
B161: =COUNTA(C161)-IF(C161=0,1)+B160 -> #REF! | C161: =#REF! -> #REF! | D161: =IF(#REF!=0,"",#REF!) -> #REF! | E161: =IF(#REF!=0,"",#REF!) -> #REF! | F161: =IF(#REF!=0,"",#REF!) -> #REF! | G161: ='27'!Q161 -> 0 | H161: ='27'!R161 -> 0 | I161: ='27'!S161 -> 0 | K161: ='27'!T161 -> 0 | L161: =#REF! -> #REF! | M161: =#REF! -> #REF! | O161: =#REF! -> #REF! | P161: =IF(#REF!=0,"",#REF!) -> #REF! | Q161: =IF(#REF!=0,"",#REF!) -> #REF! | R161: =IF(#REF!=0,"",#REF!) -> #REF! | S161: =IF(#REF!=0,"",#REF!) -> #REF!
B162: =COUNTA(C162)-IF(C162=0,1)+B161 -> #REF! | C162: =#REF! -> #REF! | D162: =IF(#REF!=0,"",#REF!) -> #REF! | E162: =IF(#REF!=0,"",#REF!) -> #REF! | F162: =IF(#REF!=0,"",#REF!) -> #REF! | G162: =#REF! -> #REF! | H162: ='27'!R162 -> 0 | I162: ='27'!S162 -> 0 | K162: ='27'!T162 -> 0 | L162: =#REF! -> #REF! | M162: =#REF! -> #REF! | O162: =#REF! -> #REF! | P162: =IF(#REF!=0,"",#REF!) -> #REF! | Q162: =IF(#REF!=0,"",#REF!) -> #REF! | R162: =IF(#REF!=0,"",#REF!) -> #REF! | S162: =IF(#REF!=0,"",#REF!) -> #REF!
B163: =COUNTA(C163)-IF(C163=0,1)+B162 -> #REF! | C163: =#REF! -> #REF! | D163: =IF(#REF!=0,"",#REF!) -> #REF! | E163: =IF(#REF!=0,"",#REF!) -> #REF! | F163: =IF(#REF!=0,"",#REF!) -> #REF! | G163: ='27'!Q163 -> 0 | H163: ='27'!R163 -> 0 | I163: ='27'!S163 -> 0 | K163: ='27'!T163 -> 0 | L163: =#REF! -> #REF! | M163: =#REF! -> #REF! | O163: =#REF! -> #REF! | P163: =IF(#REF!=0,"",#REF!) -> #REF! | Q163: =IF(#REF!=0,"",#REF!) -> #REF! | R163: =IF(#REF!=0,"",#REF!) -> #REF! | S163: =IF(#REF!=0,"",#REF!) -> #REF!
B164: =COUNTA(C164)-IF(C164=0,1)+B163 -> #REF! | C164: =#REF! -> #REF! | D164: =IF(#REF!=0,"",#REF!) -> #REF! | E164: =IF(#REF!=0,"",#REF!) -> #REF! | F164: =IF(#REF!=0,"",#REF!) -> #REF! | G164: ='27'!Q164 -> 0 | H164: ='27'!R164 -> 0 | I164: ='27'!S164 -> 0 | K164: ='27'!T164 -> 0 | L164: =#REF! -> #REF! | M164: =#REF! -> #REF! | O164: =#REF! -> #REF! | P164: =IF(#REF!=0,"",#REF!) -> #REF! | Q164: =IF(#REF!=0,"",#REF!) -> #REF! | R164: =IF(#REF!=0,"",#REF!) -> #REF! | S164: =IF(#REF!=0,"",#REF!) -> #REF!
B165: =COUNTA(C165)-IF(C165=0,1)+B164 -> #REF! | C165: =#REF! -> #REF! | D165: =IF(#REF!=0,"",#REF!) -> #REF! | E165: =IF(#REF!=0,"",#REF!) -> #REF! | F165: =IF(#REF!=0,"",#REF!) -> #REF! | G165: =#REF! -> #REF! | H165: ='27'!R165 -> 0 | I165: ='27'!S165 -> 0 | K165: ='27'!T165 -> 0 | L165: =#REF! -> #REF! | M165: =#REF! -> #REF! | O165: =#REF! -> #REF! | P165: =IF(#REF!=0,"",#REF!) -> #REF! | Q165: =IF(#REF!=0,"",#REF!) -> #REF! | R165: =IF(#REF!=0,"",#REF!) -> #REF! | S165: =IF(#REF!=0,"",#REF!) -> #REF!
B166: =COUNTA(C166)-IF(C166=0,1)+B165 -> #REF! | C166: =#REF! -> #REF! | D166: =IF(#REF!=0,"",#REF!) -> #REF! | E166: =IF(#REF!=0,"",#REF!) -> #REF! | F166: =IF(#REF!=0,"",#REF!) -> #REF! | G166: ='27'!Q166 -> 0 | H166: ='27'!R166 -> 0 | I166: ='27'!S166 -> 0 | K166: ='27'!T166 -> 0 | L166: =#REF! -> #REF! | M166: =#REF! -> #REF! | O166: =#REF! -> #REF! | P166: =IF(#REF!=0,"",#REF!) -> #REF! | Q166: =IF(#REF!=0,"",#REF!) -> #REF! | R166: =IF(#REF!=0,"",#REF!) -> #REF! | S166: =IF(#REF!=0,"",#REF!) -> #REF!
B167: =COUNTA(C167)-IF(C167=0,1)+B166 -> #REF! | C167: =#REF! -> #REF! | D167: =IF(#REF!=0,"",#REF!) -> #REF! | E167: =IF(#REF!=0,"",#REF!) -> #REF! | F167: =IF(#REF!=0,"",#REF!) -> #REF! | G167: ='27'!Q167 -> 0 | H167: ='27'!R167 -> 0 | I167: ='27'!S167 -> 0 | K167: ='27'!T167 -> 0 | L167: =#REF! -> #REF! | M167: =#REF! -> #REF! | O167: =#REF! -> #REF! | P167: =IF(#REF!=0,"",#REF!) -> #REF! | Q167: =IF(#REF!=0,"",#REF!) -> #REF! | R167: =IF(#REF!=0,"",#REF!) -> #REF! | S167: =IF(#REF!=0,"",#REF!) -> #REF!
B168: =COUNTA(C168)-IF(C168=0,1)+B167 -> #REF! | C168: =#REF! -> #REF! | D168: =IF(#REF!=0,"",#REF!) -> #REF! | E168: =IF(#REF!=0,"",#REF!) -> #REF! | F168: =IF(#REF!=0,"",#REF!) -> #REF! | G168: =#REF! -> #REF! | H168: ='27'!R168 -> 0 | I168: ='27'!S168 -> 0 | K168: ='27'!T168 -> 0 | L168: =#REF! -> #REF! | M168: =#REF! -> #REF! | O168: =#REF! -> #REF! | P168: =IF(#REF!=0,"",#REF!) -> #REF! | Q168: =IF(#REF!=0,"",#REF!) -> #REF! | R168: =IF(#REF!=0,"",#REF!) -> #REF! | S168: =IF(#REF!=0,"",#REF!) -> #REF!
B169: =COUNTA(C169)-IF(C169=0,1)+B168 -> #REF! | C169: =#REF! -> #REF! | D169: =IF(#REF!=0,"",#REF!) -> #REF! | E169: =IF(#REF!=0,"",#REF!) -> #REF! | F169: =IF(#REF!=0,"",#REF!) -> #REF! | G169: ='27'!Q169 -> 0 | H169: ='27'!R169 -> 0 | I169: ='27'!S169 -> 0 | K169: ='27'!T169 -> 0 | L169: =#REF! -> #REF! | M169: =#REF! -> #REF! | O169: =#REF! -> #REF! | P169: =IF(#REF!=0,"",#REF!) -> #REF! | Q169: =IF(#REF!=0,"",#REF!) -> #REF! | R169: =IF(#REF!=0,"",#REF!) -> #REF! | S169: =IF(#REF!=0,"",#REF!) -> #REF!
B170: =COUNTA(C170)-IF(C170=0,1)+B169 -> #REF! | C170: =#REF! -> #REF! | D170: =IF(#REF!=0,"",#REF!) -> #REF! | E170: =IF(#REF!=0,"",#REF!) -> #REF! | F170: =IF(#REF!=0,"",#REF!) -> #REF! | G170: ='27'!Q170 -> 0 | H170: ='27'!R170 -> 0 | I170: ='27'!S170 -> 0 | K170: ='27'!T170 -> 0 | L170: =#REF! -> #REF! | M170: =#REF! -> #REF! | O170: =#REF! -> #REF! | P170: =IF(#REF!=0,"",#REF!) -> #REF! | Q170: =IF(#REF!=0,"",#REF!) -> #REF! | R170: =IF(#REF!=0,"",#REF!) -> #REF! | S170: =IF(#REF!=0,"",#REF!) -> #REF!
B171: =COUNTA(C171)-IF(C171=0,1)+B170 -> #REF! | C171: =#REF! -> #REF! | D171: =IF(#REF!=0,"",#REF!) -> #REF! | E171: =IF(#REF!=0,"",#REF!) -> #REF! | F171: =IF(#REF!=0,"",#REF!) -> #REF! | G171: =#REF! -> #REF! | H171: ='27'!R171 -> 0 | I171: ='27'!S171 -> 0 | K171: ='27'!T171 -> 0 | L171: =#REF! -> #REF! | M171: =#REF! -> #REF! | O171: =#REF! -> #REF! | P171: =IF(#REF!=0,"",#REF!) -> #REF! | Q171: =IF(#REF!=0,"",#REF!) -> #REF! | R171: =IF(#REF!=0,"",#REF!) -> #REF! | S171: =IF(#REF!=0,"",#REF!) -> #REF!
B172: =COUNTA(C172)-IF(C172=0,1)+B171 -> #REF! | C172: =#REF! -> #REF! | D172: =IF(#REF!=0,"",#REF!) -> #REF! | E172: =IF(#REF!=0,"",#REF!) -> #REF! | F172: =IF(#REF!=0,"",#REF!) -> #REF! | G172: ='27'!Q172 -> 0 | H172: ='27'!R172 -> 0 | I172: ='27'!S172 -> 0 | K172: ='27'!T172 -> 0 | L172: =#REF! -> #REF! | M172: =#REF! -> #REF! | O172: =#REF! -> #REF! | P172: =IF(#REF!=0,"",#REF!) -> #REF! | Q172: =IF(#REF!=0,"",#REF!) -> #REF! | R172: =IF(#REF!=0,"",#REF!) -> #REF! | S172: =IF(#REF!=0,"",#REF!) -> #REF!
B173: =COUNTA(C173)-IF(C173=0,1)+B172 -> #REF! | C173: =#REF! -> #REF! | D173: =IF(#REF!=0,"",#REF!) -> #REF! | E173: =IF(#REF!=0,"",#REF!) -> #REF! | F173: =IF(#REF!=0,"",#REF!) -> #REF! | G173: ='27'!Q173 -> 0 | H173: ='27'!R173 -> 0 | I173: ='27'!S173 -> 0 | K173: ='27'!T173 -> 0 | L173: =#REF! -> #REF! | M173: =#REF! -> #REF! | O173: =#REF! -> #REF! | P173: =IF(#REF!=0,"",#REF!) -> #REF! | Q173: =IF(#REF!=0,"",#REF!) -> #REF! | R173: =IF(#REF!=0,"",#REF!) -> #REF! | S173: =IF(#REF!=0,"",#REF!) -> #REF!
B174: =COUNTA(C174)-IF(C174=0,1)+B173 -> #REF! | C174: =#REF! -> #REF! | D174: =IF(#REF!=0,"",#REF!) -> #REF! | E174: =IF(#REF!=0,"",#REF!) -> #REF! | F174: =IF(#REF!=0,"",#REF!) -> #REF! | G174: =#REF! -> #REF! | H174: ='27'!R174 -> 0 | I174: ='27'!S174 -> 0 | K174: ='27'!T174 -> 0 | L174: =#REF! -> #REF! | M174: =#REF! -> #REF! | O174: =#REF! -> #REF! | P174: =IF(#REF!=0,"",#REF!) -> #REF! | Q174: =IF(#REF!=0,"",#REF!) -> #REF! | R174: =IF(#REF!=0,"",#REF!) -> #REF! | S174: =IF(#REF!=0,"",#REF!) -> #REF!
B175: =COUNTA(C175)-IF(C175=0,1)+B174 -> #REF! | C175: =#REF! -> #REF! | D175: =IF(#REF!=0,"",#REF!) -> #REF! | E175: =IF(#REF!=0,"",#REF!) -> #REF! | F175: =IF(#REF!=0,"",#REF!) -> #REF! | G175: ='27'!Q175 -> 0 | H175: ='27'!R175 -> 0 | I175: ='27'!S175 -> 0 | K175: ='27'!T175 -> 0 | L175: =#REF! -> #REF! | M175: =#REF! -> #REF! | O175: =#REF! -> #REF! | P175: =IF(#REF!=0,"",#REF!) -> #REF! | Q175: =IF(#REF!=0,"",#REF!) -> #REF! | R175: =IF(#REF!=0,"",#REF!) -> #REF! | S175: =IF(#REF!=0,"",#REF!) -> #REF!
B176: =COUNTA(C176)-IF(C176=0,1)+B175 -> #REF! | C176: =#REF! -> #REF! | D176: =IF(#REF!=0,"",#REF!) -> #REF! | E176: =IF(#REF!=0,"",#REF!) -> #REF! | F176: =IF(#REF!=0,"",#REF!) -> #REF! | G176: ='27'!Q176 -> 0 | H176: ='27'!R176 -> 0 | I176: ='27'!S176 -> 0 | K176: ='27'!T176 -> 0 | L176: =#REF! -> #REF! | M176: =#REF! -> #REF! | O176: =#REF! -> #REF! | P176: =IF(#REF!=0,"",#REF!) -> #REF! | Q176: =IF(#REF!=0,"",#REF!) -> #REF! | R176: =IF(#REF!=0,"",#REF!) -> #REF! | S176: =IF(#REF!=0,"",#REF!) -> #REF!
B177: =COUNTA(C177)-IF(C177=0,1)+B176 -> #REF! | C177: =#REF! -> #REF! | D177: =IF(#REF!=0,"",#REF!) -> #REF! | E177: =IF(#REF!=0,"",#REF!) -> #REF! | F177: =IF(#REF!=0,"",#REF!) -> #REF! | G177: =#REF! -> #REF! | H177: ='27'!R177 -> 0 | I177: ='27'!S177 -> 0 | K177: ='27'!T177 -> 0 | L177: =#REF! -> #REF! | M177: =#REF! -> #REF! | O177: =#REF! -> #REF! | P177: =IF(#REF!=0,"",#REF!) -> #REF! | Q177: =IF(#REF!=0,"",#REF!) -> #REF! | R177: =IF(#REF!=0,"",#REF!) -> #REF! | S177: =IF(#REF!=0,"",#REF!) -> #REF!
B178: =COUNTA(C178)-IF(C178=0,1)+B177 -> #REF! | C178: =#REF! -> #REF! | D178: =IF(#REF!=0,"",#REF!) -> #REF! | E178: =IF(#REF!=0,"",#REF!) -> #REF! | F178: =IF(#REF!=0,"",#REF!) -> #REF! | G178: ='27'!Q178 -> 0 | H178: ='27'!R178 -> 0 | I178: ='27'!S178 -> 0 | K178: ='27'!T178 -> 0 | L178: =#REF! -> #REF! | M178: =#REF! -> #REF! | O178: =#REF! -> #REF! | P178: =IF(#REF!=0,"",#REF!) -> #REF! | Q178: =IF(#REF!=0,"",#REF!) -> #REF! | R178: =IF(#REF!=0,"",#REF!) -> #REF! | S178: =IF(#REF!=0,"",#REF!) -> #REF!
B179: =COUNTA(C179)-IF(C179=0,1)+B178 -> #REF! | C179: =#REF! -> #REF! | D179: =IF(#REF!=0,"",#REF!) -> #REF! | E179: =IF(#REF!=0,"",#REF!) -> #REF! | F179: =IF(#REF!=0,"",#REF!) -> #REF! | G179: ='27'!Q179 -> 0 | H179: ='27'!R179 -> 0 | I179: ='27'!S179 -> 0 | K179: ='27'!T179 -> 0 | L179: =#REF! -> #REF! | M179: =#REF! -> #REF! | O179: =#REF! -> #REF! | P179: =IF(#REF!=0,"",#REF!) -> #REF! | Q179: =IF(#REF!=0,"",#REF!) -> #REF! | R179: =IF(#REF!=0,"",#REF!) -> #REF! | S179: =IF(#REF!=0,"",#REF!) -> #REF!
B180: =COUNTA(C180)-IF(C180=0,1)+B179 -> #REF! | C180: =#REF! -> #REF! | D180: =IF(#REF!=0,"",#REF!) -> #REF! | E180: =IF(#REF!=0,"",#REF!) -> #REF! | F180: =IF(#REF!=0,"",#REF!) -> #REF! | G180: =#REF! -> #REF! | H180: ='27'!R180 -> 0 | I180: ='27'!S180 -> 0 | K180: ='27'!T180 -> 0 | L180: =#REF! -> #REF! | M180: =#REF! -> #REF! | O180: =#REF! -> #REF! | P180: =IF(#REF!=0,"",#REF!) -> #REF! | Q180: =IF(#REF!=0,"",#REF!) -> #REF! | R180: =IF(#REF!=0,"",#REF!) -> #REF! | S180: =IF(#REF!=0,"",#REF!) -> #REF!
B181: =COUNTA(C181)-IF(C181=0,1)+B180 -> #REF! | C181: =#REF! -> #REF! | D181: =IF(#REF!=0,"",#REF!) -> #REF! | E181: =IF(#REF!=0,"",#REF!) -> #REF! | F181: =IF(#REF!=0,"",#REF!) -> #REF! | G181: ='27'!Q181 -> 0 | H181: ='27'!R181 -> 0 | I181: ='27'!S181 -> 0 | K181: ='27'!T181 -> 0 | L181: =#REF! -> #REF! | M181: =#REF! -> #REF! | O181: =#REF! -> #REF! | P181: =IF(#REF!=0,"",#REF!) -> #REF! | Q181: =IF(#REF!=0,"",#REF!) -> #REF! | R181: =IF(#REF!=0,"",#REF!) -> #REF! | S181: =IF(#REF!=0,"",#REF!) -> #REF!
B182: =COUNTA(C182)-IF(C182=0,1)+B181 -> #REF! | C182: =#REF! -> #REF! | D182: =IF(#REF!=0,"",#REF!) -> #REF! | E182: =IF(#REF!=0,"",#REF!) -> #REF! | F182: =IF(#REF!=0,"",#REF!) -> #REF! | G182: ='27'!Q182 -> 0 | H182: ='27'!R182 -> 0 | I182: ='27'!S182 -> 0 | K182: ='27'!T182 -> 0 | L182: =#REF! -> #REF! | M182: =#REF! -> #REF! | O182: =#REF! -> #REF! | P182: =IF(#REF!=0,"",#REF!) -> #REF! | Q182: =IF(#REF!=0,"",#REF!) -> #REF! | R182: =IF(#REF!=0,"",#REF!) -> #REF! | S182: =IF(#REF!=0,"",#REF!) -> #REF!
B183: =COUNTA(C183)-IF(C183=0,1)+B182 -> #REF! | C183: =#REF! -> #REF! | D183: =IF(#REF!=0,"",#REF!) -> #REF! | E183: =IF(#REF!=0,"",#REF!) -> #REF! | F183: =IF(#REF!=0,"",#REF!) -> #REF! | G183: =#REF! -> #REF! | H183: ='27'!R183 -> 0 | I183: ='27'!S183 -> 0 | K183: ='27'!T183 -> 0 | L183: =#REF! -> #REF! | M183: =#REF! -> #REF! | O183: =#REF! -> #REF! | P183: =IF(#REF!=0,"",#REF!) -> #REF! | Q183: =IF(#REF!=0,"",#REF!) -> #REF! | R183: =IF(#REF!=0,"",#REF!) -> #REF! | S183: =IF(#REF!=0,"",#REF!) -> #REF!
B184: =COUNTA(C184)-IF(C184=0,1)+B183 -> #REF! | C184: =#REF! -> #REF! | D184: =IF(#REF!=0,"",#REF!) -> #REF! | E184: =IF(#REF!=0,"",#REF!) -> #REF! | F184: =IF(#REF!=0,"",#REF!) -> #REF! | G184: ='27'!Q184 -> 0 | H184: ='27'!R184 -> 0 | I184: ='27'!S184 -> 0 | K184: ='27'!T184 -> 0 | L184: =#REF! -> #REF! | M184: =#REF! -> #REF! | O184: =#REF! -> #REF! | P184: =IF(#REF!=0,"",#REF!) -> #REF! | Q184: =IF(#REF!=0,"",#REF!) -> #REF! | R184: =IF(#REF!=0,"",#REF!) -> #REF! | S184: =IF(#REF!=0,"",#REF!) -> #REF!
B185: =COUNTA(C185)-IF(C185=0,1)+B184 -> #REF! | C185: =#REF! -> #REF! | D185: =IF(#REF!=0,"",#REF!) -> #REF! | E185: =IF(#REF!=0,"",#REF!) -> #REF! | F185: =IF(#REF!=0,"",#REF!) -> #REF! | G185: ='27'!Q185 -> 0 | H185: ='27'!R185 -> 0 | I185: ='27'!S185 -> 0 | K185: ='27'!T185 -> 0 | L185: =#REF! -> #REF! | M185: =#REF! -> #REF! | O185: =#REF! -> #REF! | P185: =IF(#REF!=0,"",#REF!) -> #REF! | Q185: =IF(#REF!=0,"",#REF!) -> #REF! | R185: =IF(#REF!=0,"",#REF!) -> #REF! | S185: =IF(#REF!=0,"",#REF!) -> #REF!
B186: =COUNTA(C186)-IF(C186=0,1)+B185 -> #REF! | C186: =#REF! -> #REF! | D186: =IF(#REF!=0,"",#REF!) -> #REF! | E186: =IF(#REF!=0,"",#REF!) -> #REF! | F186: =IF(#REF!=0,"",#REF!) -> #REF! | G186: =#REF! -> #REF! | H186: ='27'!R186 -> 0 | I186: ='27'!S186 -> 0 | K186: ='27'!T186 -> 0 | L186: =#REF! -> #REF! | M186: =#REF! -> #REF! | O186: =#REF! -> #REF! | P186: =IF(#REF!=0,"",#REF!) -> #REF! | Q186: =IF(#REF!=0,"",#REF!) -> #REF! | R186: =IF(#REF!=0,"",#REF!) -> #REF! | S186: =IF(#REF!=0,"",#REF!) -> #REF!
B187: =COUNTA(C187)-IF(C187=0,1)+B186 -> #REF! | C187: =#REF! -> #REF! | D187: =IF(#REF!=0,"",#REF!) -> #REF! | E187: =IF(#REF!=0,"",#REF!) -> #REF! | F187: =IF(#REF!=0,"",#REF!) -> #REF! | G187: ='27'!Q187 -> 0 | H187: ='27'!R187 -> 0 | I187: ='27'!S187 -> 0 | K187: ='27'!T187 -> 0 | L187: =#REF! -> #REF! | M187: =#REF! -> #REF! | O187: =#REF! -> #REF! | P187: =IF(#REF!=0,"",#REF!) -> #REF! | Q187: =IF(#REF!=0,"",#REF!) -> #REF! | R187: =IF(#REF!=0,"",#REF!) -> #REF! | S187: =IF(#REF!=0,"",#REF!) -> #REF!
B188: =COUNTA(C188)-IF(C188=0,1)+B187 -> #REF! | C188: =#REF! -> #REF! | D188: =IF(#REF!=0,"",#REF!) -> #REF! | E188: =IF(#REF!=0,"",#REF!) -> #REF! | F188: =IF(#REF!=0,"",#REF!) -> #REF! | G188: ='27'!Q188 -> 0 | H188: ='27'!R188 -> 0 | I188: ='27'!S188 -> 0 | K188: ='27'!T188 -> 0 | L188: =#REF! -> #REF! | M188: =#REF! -> #REF! | O188: =#REF! -> #REF! | P188: =IF(#REF!=0,"",#REF!) -> #REF! | Q188: =IF(#REF!=0,"",#REF!) -> #REF! | R188: =IF(#REF!=0,"",#REF!) -> #REF! | S188: =IF(#REF!=0,"",#REF!) -> #REF!
...

Sheet Notes
C1: Table | G1: Invent
B3: 226 | C3: 496307 Martin | D3: 29 | E3: 113 | G3: 496307 Martin | H3: 29 | I3: 109 | J3: 3
B4: 215 | C4: 503207 Martin | D4: 29 | E4: 109 | G4: 503207 Martin | H4: 29 | I4: 113 | J4: 3
B6: 231 | C6: 496247 Niklas | D6: 29 | E6: 115 | G6: 496247 Niklas | H6: 29 | I6: 114 | J6: 2
B7: 238 | C7: 464152 Nicklas | D7: 29 | E7: 118 | G7: 464152 Nicklas | H7: 29 | I7: 115 | J7: 2
B9: 240 | C9: 496683 Kenn | D9: 29 | E9: 118 | G9: 496683 Kenn | H9: 29 | I9: 114 | J9: 3
B10: 228 | C10: 508172 Christopher | D10: 29 | E10: 114
B11: 230 | C11: 519832 Anders | D11: 29 | E11: 114
B12: 244 | C12: 519045 Tilde | D12: 29 | E12: 120 | G12: 519045 Tilde | H12: 29 | I12: 117 | J12: 2
B13: 229 | C13: 518229 Simon | D13: 29 | E13: 114 | G13: 518229 Simon | H13: 29 | I13: 118 | J13: 2
B15: 239 | C15: 447403 Jonas | D15: 29 | E15: 118 | G15: 447403 Jonas | H15: 29 | I15: 118 | J15: 1
G16: 447403 Jonas | H16: 29 | I16: 114 | J16: 1
B17: 237 | C17: 514546 Benjamin | D17: 29 | E17: 117 | G17: 514546 Benjamin | H17: 29 | I17: 117 | J17: 3
G18: 514546 Benjamin | H18: 29 | I18: 118 | J18: 3
B19: 263 | C19: 492346 Michael | D19: 29 | E19: 208 | G19: 492346 Michael | H19: 29 | I19: 208 | J19: 3
G20: 492346 Michael | H20: 29 | I20: 203 | J20: 3
B23: 447 | C23: 176046 Bjørn | D23: 31 | E23: 114 | G23: 176046 Bjørn | H23: 31 | I23: 113 | J23: 1
B24: 443 | C24: 397279 Jesper | D24: 31 | E24: 113 | G24: 397279 Jesper | H24: 31 | I24: 114 | J24: 2
B26: 235 | C26: 496313 Kristoffer | D26: 29 | E26: 117 | G26: 496313 Lars | H26: 29 | I26: 120 | J26: 1
B28: 745 | C28: 490977 Jeppe | D28: 35 | E28: 115 | G28: 4909771 Jeppe | H28: 35 | I28: 115 | J28: 2
B30: 701 | C30: 455033 Nikolai | D30: 34 | E30: 220 | G30: 455033 Nikolai | H30: 34 | I30: 217 | J30: 1
B31: 702 | C31: 451389 Mads | D31: 34 | E31: 220 | G31: 451389 Mads | H31: 34 | I31: 217 | J31: 2
G32: 455033 Nikolai | H32: 34 | I32: 220 | J32: 1
G33: 451389 Mads | H33: 34 | I33: 220 | J33: 2
B35: 523 | C35: NSPA - Duran | D35: 32 | E35: 220 | G35: Duran NSPA | H35: 32 | I35: 204 | J35: 2
B36: 508 | C36: NSPA - George | D36: 32 | E36: 201 | G36: George NSPA | H36: 32 | I36: 203 | J36: 1
B37: 522 | C37: NSPA - Henri | D37: 32 | E37: 219 | G37: Henri NSPA | H37: 32 | I37: 216 | J37: 1
B38: 509 | C38: NSPA - Matthew | D38: 32 | E38: 202
G39: Jim NSPA | H39: 32 | I39: 204 | J39: 1

Sheet Data
A1: Name | B1: Code | C1: User | D1: Serial Number | E1: Location | H1: Name | I1: User | J1: Code | K1: Serial Number | L1: Location
A2: 27/1/E1/1 | B2: 6483CE93 | C2: sadmin | D2: key | E2: Accommodation Keys | H2: 452127 | I2: 452127 Sebastian | J2: Bag 0189 | K2: 189 | L2: Laundry Bags in Use
A3: 27/1/E1/2 | B3: D4F4CC93 | C3: sadmin | D3: key | E3: Accommodation Keys | H3: Bag 0824 | I3: sadmin | J3: Bag 0824 | K3: 824 | L3: Unreceived Bags
A4: 27/1/E1/3 | B4: B40DED93 | C4: sadmin | D4: key | E4: Accommodation Keys | H4: 506372 | I4: 506372 Magnus | J4: Bag 0447 | K4: 447 | L4: Laundry Bags in Use
A5: 27/1/E2/1 | B5: 14E0DB93 | C5: sadmin | D5: key | E5: Accommodation Keys | H5: 472536 | I5: 472536 Alexander | J5: Bag 0455 | K5: 455 | L5: Laundry Bags in Use
A6: 27/1/E2/2 | B6: 2413CD93 | C6: sadmin | D6: key | E6: Accommodation Keys | H6: 508884 | I6: 508884 Jes | J6: Bag 0232 | K6: 232 | L6: Laundry Bags in Use
A7: 27/1/E2/3 | B7: 74D8DF93 | C7: sadmin | D7: key | E7: Accommodation Keys | H7: 410103 | I7: 410103 Kasper | J7: Bag 0615 | K7: 615 | L7: Laundry Bags in Use
A8: 27/101/1 | B8: 8408E493 | C8: 99901 Richard | D8: key | E8: Accommodation Keys | H8: 393712 | I8: 393712 Peter | J8: Bag 0620 | K8: 620 | L8: Laundry Bags in Use
A9: 27/101/2 | B9: 743DE893 | D9: key | E9: Accommodation Keys | H9: 534522 | I9: 534522 Michael | J9: Bag 0641 | K9: 641 | L9: Laundry Bags in Use
A10: 27/101/3 | B10: A473CD93 | D10: key | E10: Accommodation Keys | H10: Bag 0305 | I10: sadmin | J10: Bag 0305 | K10: 305 | L10: Laundry Bags Depot
A11: 27/102/1 | B11: A435E293 | C11: 99903 Hakan | D11: key | E11: Accommodation Keys | H11: 439367 | I11: 439367 Malthe | J11: Bag 0724 | K11: 724 | L11: Laundry Bags in Use
A12: 27/102/2 | B12: C487F493 | D12: key | E12: Accommodation Keys | H12: 478336 | I12: 478336 Johannes | J12: Bag 0059 | K12: 59 | L12: Laundry Bags in Use
A13: 27/102/3 | B13: 64E1D593 | D13: key | E13: Accommodation Keys | H13: Bag 0394 | I13: sadmin | J13: Bag 0394 | K13: 394 | L13: Laundry Bags Depot
A14: 27/103/1 | B14: A4B2E193 | C14: 99905 Torbjorn | D14: key | E14: Accommodation Keys | H14: 307201 | I14: 307201 Yoan | J14: Bag 0909 | K14: 909 | L14: Laundry Bags in Use
A15: 27/103/2 | B15: 3416CF93 | D15: key | E15: Accommodation Keys | H15: Bag 0838 | I15: sadmin | J15: Bag 0838 | K15: 838 | L15: Unreceived Bags
A16: 27/103/3 | B16: C456E093 | D16: key | E16: Accommodation Keys | H16: 193022 | I16: 193022 Claus | J16: Bag 0974 | K16: 974 | L16: Laundry Bags in Use
A17: 27/104/1 | B17: 44A5E293 | C17: 99907 Kateryna | D17: key | E17: Accommodation Keys | H17: 194935 | I17: 194935 Karsten | J17: Bag 0047 | K17: 47 | L17: Laundry Bags in Use
A18: 27/104/2 | B18: B4B14194 | D18: key | E18: Accommodation Keys | H18: 397279 | I18: 397279 Jesper | J18: Bag 0545 | K18: 545 | L18: Laundry Bags in Use
A19: 27/104/3 | B19: 140DF093 | D19: key | E19: Accommodation Keys | H19: Bag 0847 | I19: sadmin | J19: Bag 0847 | K19: 847 | L19: Unreceived Bags
A20: 27/105/1 | B20: A4AEF493 | C20: 99909 Bjorn | D20: key | E20: Accommodation Keys | H20: 511788 | I20: 511788 Ghislain | J20: Bag 1011 | K20: 1011 | L20: Laundry Bags in Use
A21: 27/105/2 | B21: A427D093 | D21: key | E21: Accommodation Keys | H21: Bag 0848 | I21: sadmin | J21: Bag 0848 | K21: 848 | L21: Unreceived Bags
A22: 27/105/3 | B22: 248DE193 | D22: key | E22: Accommodation Keys | H22: 431628 | I22: 431628 Marc | J22: Bag 1000 | K22: 1000 | L22: Laundry Bags in Use
A23: 27/106/1 | B23: 842FE293 | C23: 99911 Bjorn | D23: key | E23: Accommodation Keys | H23: 494353 | I23: 494353 Mikkel | J23: Bag 0768 | K23: 768 | L23: Laundry Bags in Use
A24: 27/106/2 | B24: 84B5D293 | D24: key | E24: Accommodation Keys | H24: 495997 | I24: 495997 Sandra | J24: Bag 1104 | K24: 1104 | L24: Laundry Bags in Use
A25: 27/106/3 | B25: A4F5DC93 | D25: key | E25: Accommodation Keys | H25: 495475 | I25: 495475 Stefan | J25: Bag 1024 | K25: 1024 | L25: Laundry Bags in Use
A26: 27/107/1 | B26: 747ECC93 | C26: 99913 Ida | D26: key | E26: Accommodation Keys | H26: 456552 | I26: 456552 Oliver | J26: Bag 0513 | K26: 513 | L26: Laundry Bags in Use
A27: 27/107/2 | B27: 44C74594 | D27: key | E27: Accommodation Keys | H27: 303575 | I27: 303575 Rasmus | J27: Bag 0243 | K27: 243 | L27: Laundry Bags in Use
A28: 27/107/3 | B28: 746FE193 | D28: key | E28: Accommodation Keys | H28: 197679 | I28: 197679 Niels Erik | J28: Bag 0674 | K28: 674 | L28: Laundry Bags in Use
A29: 27/108/1 | B29: 944FE193 | C29: 99914 Maria | D29: key | E29: Accommodation Keys | H29: 171119 | I29: 171119 Olivier | J29: Bag 0820 | K29: 820 | L29: Laundry Bags in Use
A30: 27/108/2 | B30: 34DCEE93 | D30: key | E30: Accommodation Keys | H30: 485435 | I30: 485435 Micki | J30: Bag 0654 | K30: 654 | L30: Laundry Bags in Use
A31: 27/108/3 | B31: 04EED593 | D31: key | E31: Accommodation Keys | H31: 456401 | I31: 456401 Patrick | J31: Bag 0740 | K31: 740 | L31: Laundry Bags in Use
A32: 27/109/1 | B32: E46BD893 | C32: 99915 Rickard | D32: key | E32: Accommodation Keys | H32: Bag 0822 | I32: sadmin | J32: Bag 0822 | K32: 822 | L32: Unreceived Bags
A33: 27/109/2 | B33: 04D23B94 | D33: key | E33: Accommodation Keys | H33: 459106 | I33: 459106 Daniel | J33: Bag 0015 | K33: 15 | L33: Laundry Bags in Use
A34: 27/109/3 | B34: 3484F493 | D34: key | E34: Accommodation Keys | H34: 509424 | I34: 509424 Emil | J34: Bag 0084 | K34: 84 | L34: Laundry Bags in Use
A35: 27/110/1 | B35: 6454CB93 | C35: 99917 Patrik | D35: key | E35: Accommodation Keys | H35: Bag 0454 | I35: sadmin | J35: Bag 0454 | K35: 454 | L35: Unreceived Bags
A36: 27/110/2 | B36: D4BD3794 | D36: key | E36: Accommodation Keys | H36: Bag 0357 | I36: sadmin | J36: Bag 0357 | K36: 357 | L36: Laundry Bags Depot
A37: 27/110/3 | B37: 94D2E493 | D37: key | E37: Accommodation Keys | H37: Bag 0381 | I37: sadmin | J37: Bag 0381 | K37: 381 | L37: Laundry Bags Depot
A38: 27/111/1 | B38: D4763894 | C38: 99919 Jimmy | D38: key | E38: Accommodation Keys | H38: Bag 0063 | I38: sadmin | J38: Bag 0063 | K38: 63 | L38: Laundry Bags Depot
A39: 27/111/2 | B39: E42AE193 | D39: key | E39: Accommodation Keys | H39: 425459 | I39: 425459 Mads | J39: Bag 0885 | K39: 885 | L39: Laundry Bags in Use
A40: 27/111/3 | B40: 6449F493 | D40: key | E40: Accommodation Keys | H40: 501115 | I40: 501115 Villads | J40: Bag 0696 | K40: 696 | L40: Laundry Bags in Use
A41: 27/112/1 | B41: B4173A94 | C41: 99920 Adam | D41: key | E41: Accommodation Keys | H41: 669595 | I41: 669595 Jonathan | J41: Bag 1046 | K41: 1046 | L41: Laundry Bags in Use
A42: 27/112/2 | B42: 3486EA93 | D42: key | E42: Accommodation Keys | H42: 505536 | I42: 505536 Christian | J42: Bag 0404 | K42: 404 | L42: Laundry Bags in Use
A43: 27/112/3 | B43: B4ADEC93 | D43: key | E43: Accommodation Keys | H43: Bag 0626 | I43: sadmin | J43: Bag 0626 | K43: 626 | L43: Unreceived Bags
A44: 27/113/1 | B44: 44254194 | C44: 99918 Jacob | D44: key | E44: Accommodation Keys | H44: 229537 | I44: 229537 Soren | J44: Bag 0161 | K44: 161 | L44: Laundry Bags in Use
A45: 27/113/2 | B45: 54A0F093 | D45: key | E45: Accommodation Keys | H45: 500801 | I45: 500801 Rasmus | J45: Bag 1186 | K45: 1186 | L45: Laundry Bags in Use
A46: 27/113/3 | B46: B4AFE193 | D46: key | E46: Accommodation Keys | H46: 424712 | I46: 424712 Nicholaj | J46: Bag 0273 | K46: 273 | L46: Laundry Bags in Use
A47: 27/114/1 | B47: 3477F493 | C47: 99916 Johan | D47: key | E47: Accommodation Keys | H47: 508348 | I47: 508348 Oscar | J47: Bag 0134 | K47: 134 | L47: Laundry Bags in Use
A48: 27/114/2 | B48: 041CD093 | D48: key | E48: Accommodation Keys | H48: 514411 | I48: 514411 Alan | J48: Bag 0452 | K48: 452 | L48: Laundry Bags in Use
A49: 27/114/3 | B49: 549EF093 | D49: key | E49: Accommodation Keys | H49: 373817 | I49: 373817 Andreas | J49: Bag 0590 | K49: 590 | L49: Laundry Bags in Use
A50: 27/115/1 | B50: F4CD3A94 | C50: 99912 Peter | D50: key | E50: Accommodation Keys | H50: 507538 | I50: 507538 Victor | J50: Bag 0023 | K50: 23 | L50: Laundry Bags in Use
A51: 27/115/2 | B51: 5463EB93 | D51: key | E51: Accommodation Keys | H51: 501406 | I51: 501406 Rasmus | J51: Bag 0698 | K51: 698 | L51: Laundry Bags in Use
A52: 27/115/3 | B52: 2409F093 | D52: key | E52: Accommodation Keys | H52: 493372 | I52: 493372 Marco | J52: Bag 0234 | K52: 234 | L52: Laundry Bags in Use
A53: 27/116/1 | B53: 6429E393 | C53: 99910 Roger | D53: key | E53: Accommodation Keys | H53: 473689 | I53: 473689 Viktor | J53: Bag 1115 | K53: 1115 | L53: Laundry Bags in Use
A54: 27/116/2 | B54: 34F7E493 | D54: key | E54: Accommodation Keys | H54: 483759 | I54: 483759 Richard | J54: Bag 0786 | K54: 786 | L54: Laundry Bags in Use
A55: 27/116/3 | B55: F413D093 | D55: key | E55: Accommodation Keys | H55: 492162 | I55: 492162 Emil | J55: Bag 0504 | K55: 504 | L55: Laundry Bags in Use
A56: 27/117/1 | B56: 046C3894 | C56: 99908 Frida | D56: key | E56: Accommodation Keys | H56: 202347 | I56: 202347 Danni | J56: Bag 0916 | K56: 916 | L56: Laundry Bags in Use
A57: 27/117/2 | B57: 94D1E293 | D57: key | E57: Accommodation Keys | H57: Bag 0318 | I57: sadmin | J57: Bag 0318 | K57: 318 | L57: Laundry Bags Depot
A58: 27/117/3 | B58: F443DE93 | D58: key | E58: Accommodation Keys | H58: Bag 1066 | I58: sadmin | J58: Bag 1066 | K58: 1066 | L58: Unreceived Bags
A59: 27/118/1 | B59: B4B2E193 | C59: 99906 Christoffer | D59: key | E59: Accommodation Keys | H59: 469660 | I59: 469660 Alexander | J59: Bag 0925 | K59: 925 | L59: Laundry Bags in Use
A60: 27/118/2 | B60: 040DCB93 | D60: key | E60: Accommodation Keys | H60: 492840 | I60: 492840 Pauline | J60: Bag 0923 | K60: 923 | L60: Laundry Bags in Use
A61: 27/118/3 | B61: 2408E193 | D61: key | E61: Accommodation Keys | H61: 495752 | I61: 495752 Lukas | J61: Bag 0650 | K61: 650 | L61: Laundry Bags in Use
A62: 27/119/1 | B62: 54A0F193 | C62: 99904 Philip | D62: key | E62: Accommodation Keys | H62: 498325 | I62: 498325 Luke | J62: Bag 0509 | K62: 509 | L62: Laundry Bags in Use
A63: 27/119/2 | B63: B459D393 | D63: key | E63: Accommodation Keys | H63: 23055 | I63: 023055 Eric | J63: Bag 1051 | K63: 1051 | L63: Laundry Bags in Use
A64: 27/119/3 | B64: 640EE093 | D64: key | E64: Accommodation Keys | H64: 465035 | I64: 465035 Andreas | J64: Bag 1084 | K64: 1084 | L64: Laundry Bags in Use
A65: 27/120/1 | B65: 74A5E293 | C65: 99902 Peter | D65: key | E65: Accommodation Keys | H65: Bag 0424 | I65: sadmin | J65: Bag 0424 | K65: 424 | L65: Unreceived Bags
A66: 27/120/2 | B66: 14EDDD93 | D66: key | E66: Accommodation Keys | H66: 496167 | I66: 410797 Christian | J66: Bag 0044 | L66: Laundry Bags in Use
A67: 27/120/3 | B67: 4492E593 | D67: key | E67: Accommodation Keys | H67: 301281 | I67: 301281 Scott | J67: Bag 1150 | K67: 1150 | L67: Laundry Bags in Use
A68: 27/2/E1/1 | B68: 94914494 | C68: sadmin | D68: key | E68: Accommodation Keys | H68: 473040 | I68: 473040 Bastien | J68: Bag 1200 | K68: 1200 | L68: Laundry Bags in Use
A69: 27/2/E1/2 | B69: 940ACF93 | C69: sadmin | D69: key | E69: Accommodation Keys | H69: 486075 | I69: 486075 Anton | J69: Bag 0895 | K69: 895 | L69: Laundry Bags in Use
A70: 27/2/E1/3 | B70: 5433E293 | C70: sadmin | D70: key | E70: Accommodation Keys | H70: 971109 | I70: 971109 Thomas | J70: Bag 0803 | K70: 803 | L70: Laundry Bags in Use
A71: 27/2/E2/1 | B71: D41A4494 | C71: sadmin | D71: key | E71: Accommodation Keys | H71: 519406 | I71: 519406 Samuel | J71: Bag 0152 | K71: 152 | L71: Laundry Bags in Use
A72: 27/2/E2/2 | B72: B4AFEC93 | C72: sadmin | D72: key | E72: Accommodation Keys | H72: 224340 | I72: 224340 René | J72: Bag 0035 | K72: 35 | L72: Laundry Bags in Use
A73: 27/2/E2/3 | B73: 84694694 | C73: sadmin | D73: key | E73: Accommodation Keys | H73: Bag 0350 | I73: sadmin | J73: Bag 0350 | K73: 350 | L73: Laundry Bags Depot
A74: 27/201/1 | B74: 9453E693 | C74: 99921 Elin | D74: key | E74: Accommodation Keys | H74: 497202 | I74: 497202 Cecilie | J74: Bag 0728 | K74: 728 | L74: Laundry Bags in Use
A75: 27/201/2 | B75: 649AF193 | D75: key | E75: Accommodation Keys | H75: 497124 | I75: 497124 Kasper | J75: Bag 0011 | K75: 11 | L75: Laundry Bags in Use
A76: 27/201/3 | B76: 44BDCA93 | D76: key | E76: Accommodation Keys | H76: 544064 | I76: 544064 Alexandre | J76: Bag 0514 | K76: 514 | L76: Laundry Bags in Use
A77: 27/202/1 | B77: 84D9E893 | C77: 99923 William | D77: key | E77: Accommodation Keys | H77: Bag 0349 | I77: sadmin | J77: Bag 0349 | K77: 349 | L77: Laundry Bags Depot
A78: 27/202/2 | B78: 544AF293 | D78: key | E78: Accommodation Keys | H78: 490977 | I78: 490977 Christoffer | J78: Bag 0866 | K78: 866 | L78: Laundry Bags in Use
A79: 27/202/3 | B79: C4C2E793 | D79: key | E79: Accommodation Keys | H79: 496720 | I79: 496720 Mark | J79: Bag 1167 | K79: 1167 | L79: Laundry Bags in Use
A80: 27/203/1 | B80: F4FADE93 | C80: 99932 Elin | D80: key | E80: Accommodation Keys | H80: 370004 | I80: 370004 Christopher | J80: Bag 1030 | K80: 1030 | L80: Laundry Bags in Use
A81: 27/203/2 | B81: 7487E393 | C81: 99933 Julia | D81: key | E81: Accommodation Keys | H81: 40874 | I81: 040874 Dylan | J81: Bag 1157 | K81: 1157 | L81: Laundry Transportation
A82: 27/203/3 | B82: B4F8E493 | D82: key | E82: Accommodation Keys | H82: 486003 | I82: 486003 Søren | J82: Bag 0530 | K82: 530 | L82: Laundry Bags in Use
A83: 27/204/1 | B83: 0479F493 | C83: 99936 Eric | D83: key | E83: Accommodation Keys | H83: 411408 | I83: 411408 Søren | J83: Bag 0125 | K83: 125 | L83: Laundry Bags in Use
A84: 27/204/2 | B84: 04B6F493 | C84: 99937 Maria | D84: key | E84: Accommodation Keys | H84: 496672 | I84: 496672 Lucas | J84: Bag 1099 | K84: 1099 | L84: Laundry Bags in Use
A85: 27/204/3 | B85: D4C6F293 | D85: key | E85: Accommodation Keys | H85: 481627 | I85: 481627 Paprika | J85: Bag 1130 | K85: 1130 | L85: Laundry Bags in Use
A86: 27/205/1 | B86: 049BE493 | C86: 99948 Rebecca B 13/1-20/1 Guest | D86: key | E86: Accommodation Keys | H86: 513520 | I86: 513520 Kasper | J86: Bag 1175 | K86: 1175 | L86: Laundry Bags in Use
A87: 27/205/2 | B87: C416CC93 | C87: 99949 Cassandra B 13/1-20/1 Guest | D87: key | E87: Accommodation Keys | H87: 501415 | I87: 501415 Malthe | J87: Bag 0290 | K87: 290 | L87: Laundry Bags in Use
A88: 27/205/3 | B88: 9455E693 | D88: key | E88: Accommodation Keys | H88: 508766 | I88: 508766 Bertram | J88: Bag 1169 | K88: 1169 | L88: Laundry Bags in Use
A89: 27/206/1 | B89: 9443F493 | C89: 99950 Daniel J 13/1-20/1 Guest | D89: key | E89: Accommodation Keys | H89: 213926 | I89: 213926 Michael | J89: Bag 0240 | K89: 240 | L89: Laundry Drop Off
A90: 27/206/2 | B90: 7483E393 | D90: key | E90: Accommodation Keys | H90: 177841 | I90: 177841 Jens | J90: Bag 0165 | K90: 165 | L90: Laundry Bags in Use
A91: 27/206/3 | B91: 24E1E393 | D91: key | E91: Accommodation Keys | H91: 693439 | I91: 693439 Andrew | J91: Bag 0670 | K91: 670 | L91: Laundry Transportation
A92: 27/207/1 | B92: D426E393 | C92: 99951 Anton.W 13/1-20/1 Guest | D92: key | E92: Accommodation Keys | H92: 486517 | I92: 486517 Benjamin | J92: Bag 0647 | K92: 647 | L92: Laundry Bags in Use
A93: 27/207/2 | B93: 242BCC93 | D93: key | E93: Accommodation Keys | H93: 477832 | I93: 477832 Kristoffer | J93: Bag 0418 | K93: 418 | L93: Laundry Bags in Use
A94: 27/207/3 | B94: 145DE393 | D94: key | E94: Accommodation Keys | H94: 219455 | I94: 219455 Kenneth | J94: Bag 0976 | K94: 976 | L94: Laundry Bags in Use
A95: 27/208/1 | B95: 2488EA93 | C95: 99952 Isac A 13/1-20/1 Guest | D95: key | E95: Accommodation Keys | H95: Bag 0261 | I95: sadmin | J95: Bag 0261 | K95: 261 | L95: LOST ITEMS
A96: 27/208/2 | B96: 9432EB93 | C96: 99953 Liam B 13/1-20/1 Guest | D96: key | E96: Accommodation Keys | H96: Bag 0343 | I96: sadmin | J96: Bag 0343 | K96: 343 | L96: Laundry Bags Depot
A97: 27/208/3 | B97: 148FE193 | D97: key | E97: Accommodation Keys | H97: sadmin | I97: sadmin | J97: Bag 0048 | K97: 48 | L97: Laundry Bags Depot
A98: 27/209/1 | B98: 8445E593 | C98: 99954 Axel D 13/1-20/1 Guest | D98: key | E98: Accommodation Keys | H98: 469354 | I98: 469354 Jacob | J98: Bag 0027 | K98: 27 | L98: Laundry Bags in Use
A99: 27/209/2 | B99: 240AE193 | C99: 99955 Viktor L 13/1-20/1 Guest | D99: key | E99: Accommodation Keys | H99: 222374 | I99: 222374 Nils | J99: Bag 0587 | K99: 587 | L99: Laundry Bags in Use
A100: 27/209/3 | B100: 248AEA93 | D100: key | E100: Accommodation Keys | H100: 466321 | I100: 466321 Niclas | J100: Bag 0906 | K100: 906 | L100: Laundry Bags in Use
...

Sheet MEAL CARD
G1: ADDITIONAL KEYS GIVEN | J1: MC | K1: Laundry Tag
A2: Name | B2: Code | C2: User | D2: MC | E2: Bag | G2: 32/205/1 | H2: D47FDD93 | I2: 167039 Jesper | J2: 0368 | K2: 893
A3: 27/101/1 | C3: 99901 | D3: 1001 | E3: 0158 | G3: 32/206/1 | H3: B4E2D093 | I3: 399105 Chris
A4: 27/102/1 | C4: 99903 | D4: 1002 | E4: 0174 | G4: 32/207/1 | H4: 64D0D393 | I4: 443003 Jesper
A5: 27/103/1 | C5: 99905 | D5: 1003 | E5: 0124 | G5: 32/215/1 | H5: 1455E193 | I5: 500640 Philip
A6: 27/104/1 | C6: 99907 | D6: 1004 | E6: 0239 | G6: 32/208/1 | H6: E4454794 | I6: 514113 Abdul
A7: 27/105/1 | C7: 99909 | D7: 1005 | E7: 0301 | G7: 32/203/1 | H7: F46B3894 | I7: 201379 Nikolai Risvange | J7: 0366 | K7: 246
A8: 27/106/1 | C8: 99911 | D8: 1006 | E8: 0233 | G8: 32/204/1 | H8: C4E3CC93 | I8: 485210 Kasper Thomsen | J8: 0365 | K8: 600
A9: 27/107/1 | C9: 99913 | D9: 1007 | E9: 0667 | G9: 32/216/1 | H9: 1463D693 | I9: 171631 Bjarne S. Munk | J9: 0367 | K9: 628
A10: 27/108/1 | C10: 99914 | D10: 1008 | E10: 0032 | G10: 32/217/1 | H10: A4DCDB93 | I10: 304794 Christian Andersen | J10: 0364 | K10: 1094
A11: 27/109/1 | C11: 99915 | D11: 1009 | E11: 0166 | G11: 32/218/1 | H11: 544BDA93 | I11: 225018 Anders Tagge | J11: 0363 | K11: 1058
A12: 27/110/1 | C12: 99917 | D12: 1010 | E12: 0562 | G12: 32/214/1 | I12: 155449 Rene
A13: 27/111/1 | C13: 99919 | D13: 1011 | E13: 0693 | G13: 32/213/1 | I13: 185768 Christian
A14: 27/112/1 | C14: 99920 | D14: 1012 | E14: 0223 | G14: 32/211/1 | I14: 211628/Karsten Falck
A15: 27/113/1 | C15: 99918 | D15: 1013 | E15: 1140
A16: 27/114/1 | C16: 99916 | D16: 1014 | E16: 0145
A17: 27/115/1 | C17: 99912 | D17: 1015 | E17: 0735
A18: 27/116/1 | C18: 99910 | D18: 1016 | E18: 0098
A19: 27/117/1 | C19: 99908 | D19: 1017 | E19: 0193
A20: 27/118/1 | C20: 99906 | D20: 1018 | E20: 0728
A21: 27/119/1 | C21: 99904 | D21: 1019 | E21: 0001
A22: 27/120/1 | C22: 99902 | D22: 1020 | E22: 0213
A23: 27/201/1 | C23: 99921 | D23: 1021 | E23: 0954
A24: 27/202/1 | C24: 99923 | D24: 1022 | E24: 0123
A25: 27/203/1 | C25: 99932 | D25: 1023 | E25: 1178
A26: 27/203/2 | C26: 99933 | D26: 1024 | E26: 1174
... A49: 28/109/1 | C49: 12301 | D49: 1047 | E49: 0216
A50: 28/109/2 | C50: 12302 | D50: 1048 | E50: 0188 | P50: `
A51: 28/110/1 | C51: 12304 | D51: 1049 | E51: 0184
A52: 28/110/2 | C52: 12307 | D52: 1050 | E52: 0990
A53: 28/111/1 | C53: 12001 | D53: 1051 | E53: 0231
A54: 28/112/1 | C54: 12002 | D54: 1052 | E54: 0306
A55: 28/113/1 | C55: 12309 | D55: 1053 | E55: 0964
A56: 28/113/2 | C56: 12306 | D56: 1054 | E56: 1176
A57: 28/114/1 | C57: 12308 | D57: 1055 | E57: 0170
A58: 28/115/1 | C58: 12208 | D58: 1057 | E58: 1182
A59: 28/115/2 | C59: 12209 | D59: 1058 | E59: 0988
A60: 28/116/1 | C60: 12204 | D60: 1059 | E60: 0711
A61: 28/116/2 | C61: 12207 | D61: 1060 | E61: 0010
A62: 28/117/1 | C62: 12111 | D62: 1061 | E62: 0168
... A199: 30/114/2 | C199: 52607 | D199: 1198 | E199: 1166
A200: 30/115/1 | C200: unknown1 | D200: 1199 | E200: 1115
A201: 30/115/2 | C201: unknown2 | D201: 1200 | E201: 1128
A202: 30/116/1 | C202: unknown3 | D202: 1201 | E202: 0141
A203: 30/116/2 | C203: unknown4 | D203: 1202 | E203: 0704
A204: 30/117/1 | C204: unknown5 | D204: 1203 | E204: 0695
A205: 30/117/2 | C205: unknown6 | D205: 1204 | E205: 0713
A206: 30/118/1 | C206: unknown7 | D206: 1205 | E206: 0285
A207: 30/118/2 | C207: unknown8 | D207: 1206 | E207: 0724
A208: 30/119/1 | C208: 52002 | D208: 1207 | E208: 0135
A209: 30/120/1 | C209: 52001 | D209: 1208 | E209: 0268
A210: 30/201/1 | C210: 53001 | D210: 1209 | E210: 0234
A211: 30/202/1 | C211: 53201 | D211: 1210 | E211: 0658
A212: 30/203/1 | C212: 53501 | D212: 1211 | E212: 0108
A213: 30/204/1 | C213: 53312 | D213: 1212 | E213: 1185
A214: 30/204/2 | C214: 53207 | D214: 1213 | E214: 0716
A215: 30/205/1 | C215: 53507 | D215: 1214 | E215: 0645
A216: 30/206/1 | C216: 53509 | D216: 1215 | E216: 1103
A217: 30/206/2 | C217: 53508 | D217: 1216 | E217: 0725
A218: 30/207/1 | C218: 53209 | D218: 1217 | E218: 0748
A219: 30/207/2 | C219: 53502 | D219: 1218 | E219: 0729
... A237: 30/220/1 | C237: 53002 | D237: 1236 | E237: 0056
A238: 31/209/1 | C238: unknown9 | D238: 1237 | E238: 0269
A239: 31/209/2 | C239: unknown10 | D239: 1238 | E239: 0681
A240: 31/210/1 | C240: unknown11 | D240: 1239 | E240: 0740
A241: 31/210/2 | C241: unknown12 | D241: 1240 | E241: 0402
A242: 31/211/1 | C242: unknown13 | D242: 1241 | E242: 0179
A243: 31/211/2 | C243: unknown14 | D243: 1242 | E243: 1024
A244: 31/212/1 | C244: unknown15 | D244: 1243 | E244: 0148
A245: 31/212/2 | C245: unknown16 | D245: 1244 | E245: 0169
A246: 31/213/1 | C246: unknown17 | D246: 1245 | E246: 0944
A247: 31/213/2 | C247: unknown18 | D247: 1246 | E247: 0970
A248: 31/214/1 | C248: unknown19 | D248: 1247 | E248: 0946
A249: 31/214/2 | C249: unknown20 | D249: 1248 | E249: 0947
A250: 32/102/1 | C250: 51401 | D250: 1250 | E250: 0116
A251: 32/102/2 | C251: 51203 | D251: 1251 | E251: 0087
A252: 32/103/1 | C252: 51407 | D252: 1252 | E252: 0014
A253: 32/103/2 | C253: 51501 | D253: 1253 | E253: 0146
A254: 32/104/1 | C254: 51105 | D254: 1254 | E254: 0086
A255: 32/104/2 | C255: 51108 | D255: 1255 | E255: 0160
A256: 32/105/1 | C256: 51305 | D256: 1256 | E256: 0736
A257: 32/105/2 | C257: 51207 | D257: 1257 | E257: 0131
A258: 32/106/1 | C258: 51307 | D258: 1258 | E258: 1121
A259: 32/106/2 | C259: 51308 | D259: 1259 | E259: 0710
A260: 32/107/1 | C260: 51001 | D260: 1249 | E260: 1076
A261: 32/108/1 | C261: 51002 | D261: 1269 | E261: 0851
... A275: 33/103/2 | C275: 55415 | D275: 1274 | E275: 1077
A276: 33/104/1 | C276: unknown21 | D276: 1275 | E276: 1124
A277: 33/104/2 | C277: unknown22 | D277: 1276 | E277: 0290
A278: 33/105/1 | C278: 55201 | D278: 1277 | E278: 0247
A279: 33/105/2 | C279: 55305 | D279: 1278 | E279: 0294
A280: 33/106/1 | C280: 55405 | D280: 1279 | E280: 0768
A281: 33/106/2 | C281: 55205 | D281: 1280 | E281: 0895
A282: 33/107/1 | C282: 55401 | D282: 1281 | E282: 0875
A283: 33/107/2 | C283: 55665 | D283: 1282 | E283: 0855
A284: 33/108/1 | C284: 55202 | D284: 1283 | E284: 0862
A285: 33/108/2 | C285: 55655 | D285: 1284 | E285: 0880
A286: 33/109/1 | C286: 55115 | D286: 1285 | E286: 0883
A287: 33/109/2 | C287: 55215 | D287: 1286 | E287: 0916
A288: 33/110/1 | C288: 55125 | D288: 1287 | E288: 0836
...

Sheet Sheet2
A1: 1001
A2: 1002
A3: 1003
A4: 1004
A5: 1005
A6: 1006
A7: 1007
A8: 1008
A9: 1009
A10: 1010
A11: 1011
A12: 1012
... A159: 1159

Sheet Sheet1
A1: 27 | B1: / | C1: 101 | D1: / | E1: 2
A2: 27 | B2: / | C2: 101 | D2: / | E2: 3
A3: 27 | B3: / | C3: 102 | D3: / | E3: 1
A4: 27 | B4: / | C4: 102 | D4: / | E4: 3
A5: 27 | B5: / | C5: 103 | D5: / | E5: 1
A6: 27 | B6: / | C6: 103 | D6: / | E6: 3
A7: 27 | B7: / | C7: 104 | D7: / | E7: 1
A8: 27 | B8: / | C8: 104 | D8: / | E8: 2
A9: 27 | B9: / | C9: 104 | D9: / | E9: 3
A10: 27 | B10: / | C10: 105 | D10: / | E10: 1
A11: 27 | B11: / | C11: 105 | D11: / | E11: 3
A12: 27 | B12: / | C12: 106 | D12: / | E12: 2
... A988: 36 | B988: / | C988: 220 | D988: / | E988: 3

Sheet 27
L2: # | M2: NAME, ID | N2: Nation | O2: Building | P2: ROOM | U2: Placed Beds | X2: Date | AB2: Remarks
C3: Password: 12 | P3: Used | Q3: Single | R3: Double | S3: Triple | T3: Empty | U3: 1 | V3: 2 | W3: 3 | X3: ETA | Y3: ETD | Z3: MC | AA3: L. Bag
C4: Building 27 - 1st floor | M4: =Q4+R4*2+S4*3 -> 83 | P4: =SUM(Q4:S4) -> 40 | Q4: =COUNTIFS(Q6:T125,"=Single") -> 3 | R4: =COUNTIFS(Q6:T125,"=Double") -> 31 | S4: =COUNTIFS(Q6:T125,"=Triple") -> 6 | T4: =COUNTIFS(Q6:T125,"=Empty") -> 0 | U4: =COUNTIFS(V6:W125,"=1") -> 3 | V4: =COUNTIFS(V6:W125,"=2") -> 31 | W4: =COUNTIFS(V6:W125,"=3") -> 6 | Z4: =COUNTA(Z6:Z130) -> 83 | AA4: =COUNTA(AA6:AA130)-SUM(COUNTIF(AA6:AA130,{"#N/A"})) -> 1
B5: Rooms | G5: Rooms | U5: =SUM(V6:W125) -> 83 | V5: b/r | W5: =U4+V4+W4 -> 40
B6: 101 | D6: ETA | E6: ETD | G6: 120 | I6: ETA | J6: ETD | L6: =COUNTA(B7) -> 0 | M6: =C7 -> 99901 Richard | O6: 27 | P6: 101 | Q6: =_xlfn.IFS(COUNTA(B7:B9)=1,"Single",COUNTA(B7:B9)=2,"Double",COUNTA(B7:B9)=3,"Triple",COUNTA(B7:B9)=0,"Empty") -> Double | U6: =B7 -> 0 | V6: =COUNT(B7:B9) -> 2 | X6: =IF(D7=0,"",D7) | Y6: =IF(E7=0,"",E7) | AA6: =VLOOKUP($M:$M,Data!$I:$J,2,FALSE) -> #N/A | AB6: Changed on 18.08
C7: =VLOOKUP("27/101/1",Data!$A$2:$E$1425,3,FALSE) -> 99901 Richard | G7: 1 | H7: =VLOOKUP("27/120/1",Data!$A$2:$E$1425,3,FALSE) -> 99902 Peter | L7: =COUNTA(B8)+L6 -> 1 | M7: =C8 -> 0 | N7: DNK | O7: 27 | P7: 101 | U7: =B8 -> 2 | X7: =IF(D8=0,"",D8) | Y7: =IF(E8=0,"",E8) | Z7: 0002 | AA7: =VLOOKUP($M:$M,Data!$I:$J,2,FALSE) -> #N/A
B8: 2 | C8: =VLOOKUP("27/101/2",Data!$A$2:$E$1425,3,FALSE) -> 0 | H8: =VLOOKUP("27/120/2",Data!$A$2:$E$1425,3,FALSE) -> 0 | L8: =COUNTA(B9)+L7 -> 2 | M8: =C9 -> 0 | N8: DNK | O8: 27 | P8: 101 | U8: =B9 -> 3 | X8: =IF(D9=0,"",D9) | Y8: =IF(E9=0,"",E9) | AA8: =VLOOKUP($M:$M,Data!$I:$J,2,FALSE) -> #N/A
B9: 3 | C9: =VLOOKUP("27/101/3",Data!$A$2:$E$1425,3,FALSE) -> 0 | G9: 3 | H9: =VLOOKUP("27/120/3",Data!$A$2:$E$1425,3,FALSE) -> 0 | L9: =COUNTA(B11)+L8 -> 3 | M9: =C11 -> 99903 Hakan | N9: DNK | O9: 27 | P9: 102 | Q9: =_xlfn.IFS(COUNTA(B11:B13)=1,"Single",COUNTA(B11:B13)=2,"Double",COUNTA(B11:B13)=3,"Triple",COUNTA(B11:B13)=0,"Empty") -> Double | U9: =B11 -> 1 | V9: =COUNT(B11:B13) -> 2 | X9: =IF(D11=0,"",D11) | Y9: =IF(E11=0,"",E11) | Z9: 0004 | AA9: =VLOOKUP($M:$M,Data!$I:$J,2,FALSE) -> #N/A
B10: 102 | D10: ETA | E10: ETD | G10: 119 | I10: ETA | J10: ETD | L10: =COUNTA(B12)+L9 -> 3 | M10: =C12 -> 0 | O10: 27 | P10: 102 | U10: =B12 -> 0 | X10: =IF(D12=0,"",D12) | Y10: =IF(E12=0,"",E12) | AA10: =VLOOKUP($M:$M,Data!$I:$J,2,FALSE) -> #N/A
B11: 1 | C11: =VLOOKUP("27/102/1",Data!$A$2:$E$1425,3,FALSE) -> 99903 Hakan | G11: 1 | H11: =VLOOKUP("27/119/1",Data!$A$2:$E$1425,3,FALSE) -> 99904 Philip | L11: =COUNTA(B13)+L10 -> 4 | M11: =C13 -> 0 | N11: DNK | O11: 27 | P11: 102 | U11: =B13 -> 3 | X11: =IF(D13=0,"",D13) | Y11: =IF(E13=0,"",E13) | Z11: 0005 | AA11: =VLOOKUP($M:$M,Data!$I:$J,2,FALSE) -> #N/A
C12: =VLOOKUP("27/102/2",Data!$A$2:$E$1425,3,FALSE) -> 0 | G12: 2 | H12: =VLOOKUP("27/119/2",Data!$A$2:$E$1425,3,FALSE) -> 0 | L12: =COUNTA(B15)+L11 -> 5 | M12: =C15 -> 99905 Torbjorn | N12: DNK | O12: 27 | P12: 103 | Q12: =_xlfn.IFS(COUNTA(B15:B17)=1,"Single",COUNTA(B15:B17)=2,"Double",COUNTA(B15:B17)=3,"Triple",COUNTA(B15:B17)=0,"Empty") -> Double | U12: =B15 -> 1 | V12: =COUNT(B15:B17) -> 2 | X12: =IF(D15=0,"",D15) | Y12: =IF(E15=0,"",E15) | Z12: 0006 | AA12: Bag 0167
B13: 3 | C13: =VLOOKUP("27/102/3",Data!$A$2:$E$1425,3,FALSE) -> 0 | G13: 3 | H13: =VLOOKUP("27/119/3",Data!$A$2:$E$1425,3,FALSE) -> 0 | L13: =COUNTA(B16)+L12 -> 5 | M13: =C16 -> 0 | O13: 27 | P13: 103 | U13: =B16 -> 0 | X13: =IF(D16=0,"",D16) | Y13: =IF(E16=0,"",E16) | AA13: =VLOOKUP($M:$M,Data!$I:$J,2,FALSE) -> #N/A
B14: 103 | D14: ETA | E14: ETD | G14: 118 | I14: ETA | J14: ETD | L14: =COUNTA(B17)+L13 -> 6 | M14: =C17 -> 0 | N14: DNK | O14: 27 | P14: 103 | U14: =B17 -> 3 | X14: =IF(D17=0,"",D17) | Y14: =IF(E17=0,"",E17) | Z14: 0007 | AA14: =VLOOKUP($M:$M,Data!$I:$J,2,FALSE) -> #N/A
B15: 1 | C15: =VLOOKUP("27/103/1",Data!$A$2:$E$1425,3,FALSE) -> 99905 Torbjorn | G15: 1 | H15: =VLOOKUP("27/118/1",Data!$A$2:$E$1425,3,FALSE) -> 99906 Christoffer | L15: =COUNTA(B19)+L14 -> 7 | M15: =C19 -> 99907 Kateryna | N15: DNK | O15: 27 | P15: 104 | Q15: =_xlfn.IFS(COUNTA(B19:B21)=1,"Single",COUNTA(B19:B21)=2,"Double",COUNTA(B19:B21)=3,"Triple",COUNTA(B19:B21)=0,"Empty") -> Triple | U15: =B19 -> 1 | V15: =COUNT(B19:B21) -> 3 | X15: =IF(D19=0,"",D19) | Y15: =IF(E19=0,"",E19) | Z15: 0008 | AA15: =VLOOKUP($M:$M,Data!$I:$J,2,FALSE) -> #N/A
C16: =VLOOKUP("27/103/2",Data!$A$2:$E$1425,3,FALSE) -> 0 | G16: 2 | H16: =VLOOKUP("27/118/2",Data!$A$2:$E$1425,3,FALSE) -> 0 | L16: =COUNTA(B20)+L15 -> 8 | M16: =C20 -> 0 | N16: DNK | O16: 27 | P16: 104 | U16: =B20 -> 2 | X16: =IF(D20=0,"",D20) | Y16: =IF(E20=0,"",E20) | Z16: 0010 | AA16: =VLOOKUP($M:$M,Data!$I:$J,2,FALSE) -> #N/A
B17: 3 | C17: =VLOOKUP("27/103/3",Data!$A$2:$E$1425,3,FALSE) -> 0 | G17: 3 | H17: =VLOOKUP("27/118/3",Data!$A$2:$E$1425,3,FALSE) -> 0 | L17: =COUNTA(B21)+L16 -> 9 | M17: =C21 -> 0 | N17: DNK | O17: 27 | P17: 104 | U17: =B21 -> 3 | X17: =IF(D21=0,"",D21) | Y17: =IF(E21=0,"",E21) | Z17: 0009 | AA17: =VLOOKUP($M:$M,Data!$I:$J,2,FALSE) -> #N/A
B18: 104 | D18: ETA | E18: ETD | G18: 117 | I18: ETA | J18: ETD | L18: =COUNTA(B23)+L17 -> 10 | M18: =C23 -> 99909 Bjorn | N18: DNK | O18: 27 | P18: 105 | Q18: =_xlfn.IFS(COUNTA(B23:B25)=1,"Single",COUNTA(B23:B25)=2,"Double",COUNTA(B23:B25)=3,"Triple",COUNTA(B23:B25)=0,"Empty") -> Double | U18: =B23 -> 1 | V18: =COUNT(B23:B25) -> 2 | X18: =IF(D23=0,"",D23) | Y18: =IF(E23=0,"",E23) | Z18: 0011 | AA18: =VLOOKUP($M:$M,Data!$I:$J,2,FALSE) -> #N/A
B19: 1 | C19: =VLOOKUP("27/104/1",Data!$A$2:$E$1425,3,FALSE) -> 99907 Kateryna | H19: =VLOOKUP("27/117/1",Data!$A$2:$E$1425,3,FALSE) -> 99908 Frida | L19: =COUNTA(B24)+L18 -> 10 | M19: =C24 -> 0 | O19: 27 | P19: 105 | U19: =B24 -> 0 | X19: =IF(D24=0,"",D24) | Y19: =IF(E24=0,"",E24) | AA19: =VLOOKUP($M:$M,Data!$I:$J,2,FALSE) -> #N/A
B20: 2 | C20: =VLOOKUP("27/104/2",Data!$A$2:$E$1425,3,FALSE) -> 0 | G20: 2 | H20: =VLOOKUP("27/117/2",Data!$A$2:$E$1425,3,FALSE) -> 0 | L20: =COUNTA(B25)+L19 -> 11 | M20: =C25 -> 0 | N20: DNK | O20: 27 | P20: 105 | U20: =B25 -> 3 | X20: =IF(D25=0,"",D25) | Y20: =IF(E25=0,"",E25) | Z20: 0012 | AA20: =VLOOKUP($M:$M,Data!$I:$J,2,FALSE) -> #N/A
B21: 3 | C21: =VLOOKUP("27/104/3",Data!$A$2:$E$1425,3,FALSE) -> 0 | G21: 3 | H21: =VLOOKUP("27/117/3",Data!$A$2:$E$1425,3,FALSE) -> 0 | L21: =COUNTA(B27)+L20 -> 11 | M21: =C27 -> 99911 Bjorn | O21: 27 | P21: 106 | Q21: =_xlfn.IFS(COUNTA(B27:B29)=1,"Single",COUNTA(B27:B29)=2,"Double",COUNTA(B27:B29)=3,"Triple",COUNTA(B27:B29)=0,"Empty") -> Double | U21: =B27 -> 0 | V21: =COUNT(B27:B29) -> 2 | X21: =IF(D27=0,"",D27) | Y21: =IF(E27=0,"",E27) | AA21: =VLOOKUP($M:$M,Data!$I:$J,2,FALSE) -> #N/A
B22: 105 | D22: ETA | E22: ETD | G22: 116 | I22: ETA | J22: ETD | L22: =COUNTA(B28)+L21 -> 12 | M22: =C28 -> 0 | N22: DNK | O22: 27 | P22: 106 | U22: =B28 -> 2 | X22: =IF(D28=0,"",D28) | Y22: =IF(E28=0,"",E28) | Z22: 0013 | AA22: =VLOOKUP($M:$M,Data!$I:$J,2,FALSE) -> #N/A
B23: 1 | C23: =VLOOKUP("27/105/1",Data!$A$2:$E$1425,3,FALSE) -> 99909 Bjorn | G23: 1 | H23: =VLOOKUP("27/116/1",Data!$A$2:$E$1425,3,FALSE) -> 99910 Roger | L23: =COUNTA(B29)+L22 -> 13 | M23: =C29 -> 0 | N23: DNK | O23: 27 | P23: 106 | U23: =B29 -> 3 | X23: =IF(D29=0,"",D29) | Y23: =IF(E29=0,"",E29) | Z23: 0014 | AA23: =VLOOKUP($M:$M,Data!$I:$J,2,FALSE) -> #N/A
C24: =VLOOKUP("27/105/2",Data!$A$2:$E$1425,3,FALSE) -> 0 | H24: =VLOOKUP("27/116/2",Data!$A$2:$E$1425,3,FALSE) -> 0 | L24: =COUNTA(B31)+L23 -> 14 | M24: =C31 -> 99913 Ida | N24: DNK | O24: 27 | P24: 107 | Q24: =_xlfn.IFS(COUNTA(B31:B33)=1,"Single",COUNTA(B31:B33)=2,"Double",COUNTA(B31:B33)=3,"Triple",COUNTA(B31:B33)=0,"Empty") -> Double | U24: =B31 -> 1 | V24: =COUNT(B31:B33) -> 2 | X24: =IF(D31=0,"",D31) | Y24: =IF(E31=0,"",E31) | Z24: 0016 | AA24: =VLOOKUP($M:$M,Data!$I:$J,2,FALSE) -> #N/A
B25: 3 | C25: =VLOOKUP("27/105/3",Data!$A$2:$E$1425,3,FALSE) -> 0 | G25: 3 | H25: =VLOOKUP("27/116/3",Data!$A$2:$E$1425,3,FALSE) -> 0 | L25: =COUNTA(B32)+L24 -> 15 | M25: =C32 -> 0 | N25: DNK | O25: 27 | P25: 107 | U25: =B32 -> 2 | X25: =IF(D32=0,"",D32) | Y25: =IF(E32=0,"",E32) | Z25: 0015 | AA25: =VLOOKUP($M:$M,Data!$I:$J,2,FALSE) -> #N/A
B26: 106 | D26: ETA | E26: ETD | G26: Drying room | L26: =COUNTA(B33)+L25 -> 15 | M26: =C33 -> 0 | O26: 27 | P26: 107 | U26: =B33 -> 0 | X26: =IF(D33=0,"",D33) | Y26: =IF(E33=0,"",E33) | AA26: =VLOOKUP($M:$M,Data!$I:$J,2,FALSE) -> #N/A
C27: =VLOOKUP("27/106/1",Data!$A$2:$E$1425,3,FALSE) -> 99911 Bjorn | L27: =COUNTA(B35)+L26 -> 15 | M27: =C35 -> 99914 Maria | O27: 27 | P27: 108 | Q27: =_xlfn.IFS(COUNTA(B35:B37)=1,"Single",COUNTA(B35:B37)=2,"Double",COUNTA(B35:B37)=3,"Triple",COUNTA(B35:B37)=0,"Empty") -> Double | U27: =B35 -> 0 | V27: =COUNT(B35:B37) -> 2 | X27: =IF(D35=0,"",D35) | Y27: =IF(E35=0,"",E35) | AA27: =VLOOKUP($M:$M,Data!$I:$J,2,FALSE) -> #N/A
B28: 2 | C28: =VLOOKUP("27/106/2",Data!$A$2:$E$1425,3,FALSE) -> 0 | L28: =COUNTA(B36)+L27 -> 16 | M28: =C36 -> 0 | N28: DNK | O28: 27 | P28: 108 | U28: =B36 -> 2 | X28: =IF(D36=0,"",D36) | Y28: =IF(E36=0,"",E36) | Z28: 0018 | AA28: =VLOOKUP($M:$M,Data!$I:$J,2,FALSE) -> #N/A
B29: 3 | C29: =VLOOKUP("27/106/3",Data!$A$2:$E$1425,3,FALSE) -> 0 | L29: =COUNTA(B37)+L28 -> 17 | M29: =C37 -> 0 | N29: DNK | O29: 27 | P29: 108 | U29: =B37 -> 3 | X29: =IF(D37=0,"",D37) | Y29: =IF(E37=0,"",E37) | Z29: 0017 | AA29: =VLOOKUP($M:$M,Data!$I:$J,2,FALSE) -> #N/A
B30: 107 | D30: ETA | E30: ETD | L30: =COUNTA(B39)+L29 -> 18 | M30: =C39 -> 99915 Rickard | N30: DNK | O30: 27 | P30: 109 | Q30: =_xlfn.IFS(COUNTA(B39:B41)=1,"Single",COUNTA(B39:B41)=2,"Double",COUNTA(B39:B41)=3,"Triple",COUNTA(B39:B41)=0,"Empty") -> Double | U30: =B39 -> 1 | V30: =COUNT(B39:B41) -> 2 | X30: =IF(D39=0,"",D39) | Y30: =IF(E39=0,"",E39) | Z30: 0019 | AA30: =VLOOKUP($M:$M,Data!$I:$J,2,FALSE) -> #N/A
B31: 1 | C31: =VLOOKUP("27/107/1",Data!$A$2:$E$1425,3,FALSE) -> 99913 Ida | L31: =COUNTA(B40)+L30 -> 19 | M31: =C40 -> 0 | N31: DNK | O31: 27 | P31: 109 | U31: =B40 -> 2 | X31: =IF(D40=0,"",D40) | Y31: =IF(E40=0,"",E40) | Z31: 0020 | AA31: =VLOOKUP($M:$M,Data!$I:$J,2,FALSE) -> #N/A
B32: 2 | C32: =VLOOKUP("27/107/2",Data!$A$2:$E$1425,3,FALSE) -> 0 | L32: =COUNTA(B41)+L31 -> 19 | M32: =C41 -> 0 | O32: 27 | P32: 109 | U32: =B41 -> 0 | X32: =IF(D41=0,"",D41) | Y32: =IF(E41=0,"",E41) | AA32: =VLOOKUP($M:$M,Data!$I:$J,2,FALSE) -> #N/A
C33: =VLOOKUP("27/107/3",Data!$A$2:$E$1425,3,FALSE) -> 0 | L33: =COUNTA(B43)+L32 -> 20 | M33: =C43 -> 99917 Patrik | N33: DNK | O33: 27 | P33: 110 | Q33: =_xlfn.IFS(COUNTA(B43:B45)=1,"Single",COUNTA(B43:B45)=2,"Double",COUNTA(B43:B45)=3,"Triple",COUNTA(B43:B45)=0,"Empty") -> Double | U33: =B43 -> 1 | V33: =COUNT(B43:B45) -> 2 | X33: =IF(D43=0,"",D43) | Y33: =IF(E43=0,"",E43) | Z33: 0022 | AA33: =VLOOKUP($M:$M,Data!$I:$J,2,FALSE) -> #N/A
B34: 108 | D34: ETA | E34: ETD | G34: 115 | I34: ETA | J34: ETD | L34: =COUNTA(B44)+L33 -> 21 | M34: =C44 -> 0 | N34: DNK | O34: 27 | P34: 110 | U34: =B44 -> 2 | X34: =IF(D44=0,"",D44) | Y34: =IF(E44=0,"",E44) | Z34: 0021 | AA34: =VLOOKUP($M:$M,Data!$I:$J,2,FALSE) -> #N/A
C35: =VLOOKUP("27/108/1",Data!$A$2:$E$1425,3,FALSE) -> 99914 Maria | G35: 1 | H35: =VLOOKUP("27/115/1",Data!$A$2:$E$1425,3,FALSE) -> 99912 Peter | L35: =COUNTA(B45)+L34 -> 21 | M35: =C45 -> 0 | O35: 27 | P35: 110 | U35: =B45 -> 0 | X35: =IF(D45=0,"",D45) | Y35: =IF(E45=0,"",E45) | AA35: =VLOOKUP($M:$M,Data!$I:$J,2,FALSE) -> #N/A
B36: 2 | C36: =VLOOKUP("27/108/2",Data!$A$2:$E$1425,3,FALSE) -> 0 | G36: 2 | H36: =VLOOKUP("27/115/2",Data!$A$2:$E$1425,3,FALSE) -> 0 | L36: =COUNTA(B47)+L35 -> 22 | M36: =C47 -> 99919 Jimmy | N36: DNK | O36: 27 | P36: 111 | Q36: =_xlfn.IFS(COUNTA(B47:B49)=1,"Single",COUNTA(B47:B49)=2,"Double",COUNTA(B47:B49)=3,"Triple",COUNTA(B47:B49)=0,"Empty") -> Double | U36: =B47 -> 1 | V36: =COUNT(B47:B49) -> 2 | X36: =IF(D47=0,"",D47) | Y36: =IF(E47=0,"",E47) | Z36: 0023 | AA36: =VLOOKUP($M:$M,Data!$I:$J,2,FALSE) -> #N/A
B37: 3 | C37: =VLOOKUP("27/108/3",Data!$A$2:$E$1425,3,FALSE) -> 0 | G37: 3 | H37: =VLOOKUP("27/115/3",Data!$A$2:$E$1425,3,FALSE) -> 0 | L37: =COUNTA(B48)+L36 -> 23 | M37: =C48 -> 0 | N37: DNK | O37: 27 | P37: 111 | U37: =B48 -> 2 | X37: =IF(D48=0,"",D48) | Y37: =IF(E48=0,"",E48) | Z37: 0024 | AA37: =VLOOKUP($M:$M,Data!$I:$J,2,FALSE) -> #N/A
B38: 109 | D38: ETA | E38: ETD | G38: 114 | I38: ETA | J38: ETD | L38: =COUNTA(B49)+L37 -> 23 | M38: =C49 -> 0 | O38: 27 | P38: 111 | U38: =B49 -> 0 | X38: =IF(D49=0,"",D49) | Y38: =IF(E49=0,"",E49) | AA38: =VLOOKUP($M:$M,Data!$I:$J,2,FALSE) -> #N/A
B39: 1 | C39: =VLOOKUP("27/109/1",Data!$A$2:$E$1425,3,FALSE) -> 99915 Rickard | H39: =VLOOKUP("27/114/1",Data!$A$2:$E$1425,3,FALSE) -> 99916 Johan | L39: =COUNTA(G47)+L38 -> 24 | M39: =H47 -> 99920 Adam | N39: DNK | O39: 27 | P39: 112 | Q39: =_xlfn.IFS(COUNTA(G47:G49)=1,"Single",COUNTA(G47:G49)=2,"Double",COUNTA(G47:G49)=3,"Triple",COUNTA(G47:G49)=0,"Empty") -> Double | U39: =G47 -> 1 | V39: =COUNT(G47:G49) -> 2 | X39: =IF(I47=0,"",I47) | Y39: =IF(J47=0,"",J47) | Z39: 0025 | AA39: =VLOOKUP($M:$M,Data!$I:$J,2,FALSE) -> #N/A
B40: 2 | C40: =VLOOKUP("27/109/2",Data!$A$2:$E$1425,3,FALSE) -> 0 | G40: 2 | H40: =VLOOKUP("27/114/2",Data!$A$2:$E$1425,3,FALSE) -> 0 | L40: =COUNTA(G48)+L39 -> 24 | M40: =H48 -> 0 | N40: DNK | O40: 27 | P40: 112 | U40: =G48 -> 0 | X40: =IF(I48=0,"",I48) | Y40: =IF(J48=0,"",J48) | Z40: 0026 | AA40: =VLOOKUP($M:$M,Data!$I:$J,2,FALSE) -> #N/A
C41: =VLOOKUP("27/109/3",Data!$A$2:$E$1425,3,FALSE) -> 0 | G41: 3 | H41: =VLOOKUP("27/114/3",Data!$A$2:$E$1425,3,FALSE) -> 0 | L41: =COUNTA(G49)+L40 -> 25 | M41: =H49 -> 0 | O41: 27 | P41: 112 | U41: =G49 -> 3 | X41: =IF(I49=0,"",I49) | Y41: =IF(J49=0,"",J49) | AA41: =VLOOKUP($M:$M,Data!$I:$J,2,FALSE) -> #N/A
B42: 110 | D42: ETA | E42: ETD | G42: 113 | I42: ETA | J42: ETD | L42: =COUNTA(G43)+L41 -> 26 | M42: =H43 -> 99918 Jacob | N42: DNK | O42: 27 | P42: 113 | Q42: =_xlfn.IFS(COUNTA(G43:G45)=1,"Single",COUNTA(G43:G45)=2,"Double",COUNTA(G43:G45)=3,"Triple",COUNTA(G43:G45)=0,"Empty") -> Double | U42: =G43 -> 1 | V42: =COUNT(G43:G45) -> 2 | X42: =IF(I43=0,"",I43) | Y42: =IF(J43=0,"",J43) | Z42: 0028 | AA42: =VLOOKUP($M:$M,Data!$I:$J,2,FALSE) -> #N/A
B43: 1 | C43: =VLOOKUP("27/110/1",Data!$A$2:$E$1425,3,FALSE) -> 99917 Patrik | G43: 1 | H43: =VLOOKUP("27/113/1",Data!$A$2:$E$1425,3,FALSE) -> 99918 Jacob | L43: =COUNTA(G44)+L42 -> 26 | M43: =H44 -> 0 | O43: 27 | P43: 113 | U43: =G44 -> 0 | X43: =IF(I44=0,"",I44) | Y43: =IF(J44=0,"",J44) | AA43: =VLOOKUP($M:$M,Data!$I:$J,2,FALSE) -> #N/A
B44: 2 | C44: =VLOOKUP("27/110/2",Data!$A$2:$E$1425,3,FALSE) -> 0 | H44: =VLOOKUP("27/113/2",Data!$A$2:$E$1425,3,FALSE) -> 0 | L44: =COUNTA(G45)+L43 -> 27 | M44: =H45 -> 0 | N44: DNK | O44: 27 | P44: 113 | U44: =G45 -> 3 | X44: =IF(I45=0,"",I45) | Y44: =IF(J45=0,"",J45) | Z44: 0027 | AA44: =VLOOKUP($M:$M,Data!$I:$J,2,FALSE) -> #N/A
C45: =VLOOKUP("27/110/3",Data!$A$2:$E$1425,3,FALSE) -> 0 | G45: 3 | H45: =VLOOKUP("27/113/3",Data!$A$2:$E$1425,3,FALSE) -> 0 | L45: =COUNTA(G39)+L44 -> 27 | M45: =H39 -> 99916 Johan | O45: 27 | P45: 114 | Q45: =_xlfn.IFS(COUNTA(G39:G41)=1,"Single",COUNTA(G39:G41)=2,"Double",COUNTA(G39:G41)=3,"Triple",COUNTA(G39:G41)=0,"Empty") -> Double | U45: =G39 -> 0 | V45: =COUNT(G39:G41) -> 2 | X45: =IF(I39=0,"",I39) | Y45: =IF(J39=0,"",J39) | AA45: =VLOOKUP($M:$M,Data!$I:$J,2,FALSE) -> #N/A
B46: 111 | D46: ETA | E46: ETD | G46: 112 | I46: ETA | J46: ETD | L46: =COUNTA(G40)+L45 -> 28 | M46: =H40 -> 0 | N46: DNK | O46: 27 | P46: 114 | U46: =G40 -> 2 | X46: =IF(I40=0,"",I40) | Y46: =IF(J40=0,"",J40) | Z46: 0029 | AA46: =VLOOKUP($M:$M,Data!$I:$J,2,FALSE) -> #N/A
B47: 1 | C47: =VLOOKUP("27/111/1",Data!$A$2:$E$1425,3,FALSE) -> 99919 Jimmy | G47: 1 | H47: =VLOOKUP("27/112/1",Data!$A$2:$E$1425,3,FALSE) -> 99920 Adam | L47: =COUNTA(G41)+L46 -> 29 | M47: =H41 -> 0 | N47: DNK | O47: 27 | P47: 114 | U47: =G41 -> 3 | X47: =IF(I41=0,"",I41) | Y47: =IF(J41=0,"",J41) | Z47: 0030 | AA47: =VLOOKUP($M:$M,Data!$I:$J,2,FALSE) -> #N/A
B48: 2 | C48: =VLOOKUP("27/111/2",Data!$A$2:$E$1425,3,FALSE) -> 0 | H48: =VLOOKUP("27/112/2",Data!$A$2:$E$1425,3,FALSE) -> 0 | L48: =COUNTA(G35)+L47 -> 30 | M48: =H35 -> 99912 Peter | N48: DNK | O48: 27 | P48: 115 | Q48: =_xlfn.IFS(COUNTA(G35:G37)=1,"Single",COUNTA(G35:G37)=2,"Double",COUNTA(G35:G37)=3,"Triple",COUNTA(G35:G37)=0,"Empty") -> Triple | U48: =G35 -> 1 | V48: =COUNT(G35:G37) -> 3 | X48: =IF(I35=0,"",I35) | Y48: =IF(J35=0,"",J35) | Z48: 0033 | AA48: =VLOOKUP($M:$M,Data!$I:$J,2,FALSE) -> #N/A
C49: =VLOOKUP("27/111/3",Data!$A$2:$E$1425,3,FALSE) -> 0 | G49: 3 | H49: =VLOOKUP("27/112/3",Data!$A$2:$E$1425,3,FALSE) -> 0 | L49: =COUNTA(G36)+L48 -> 31 | M49: =H36 -> 0 | N49: DNK | O49: 27 | P49: 115 | U49: =G36 -> 2 | X49: =IF(I36=0,"",I36) | Y49: =IF(J36=0,"",J36) | Z49: 0032 | AA49: =VLOOKUP($M:$M,Data!$I:$J,2,FALSE) -> #N/A
L50: =COUNTA(G37)+L49 -> 32 | M50: =H37 -> 0 | N50: DNK | O50: 27 | P50: 115 | U50: =G37 -> 3 | X50: =IF(I37=0,"",I37) | Y50: =IF(J37=0,"",J37) | Z50: 0031 | AA50: =VLOOKUP($M:$M,Data!$I:$J,2,FALSE) -> #N/A
C51: Building 27 - 2nd floor | L51: =COUNTA(G23)+L50 -> 33 | M51: =H23 -> 99910 Roger | N51: DNK | O51: 27 | P51: 116 | Q51: =_xlfn.IFS(COUNTA(G23:G25)=1,"Single",COUNTA(G23:G25)=2,"Double",COUNTA(G23:G25)=3,"Triple",COUNTA(G23:G25)=0,"Empty") -> Double | U51: =G23 -> 1 | V51: =COUNT(G23:G25) -> 2 | X51: =IF(I23=0,"",I23) | Y51: =IF(J23=0,"",J23) | Z51: 0034 | AA51: =VLOOKUP($M:$M,Data!$I:$J,2,FALSE) -> #N/A
B52: Rooms | G52: Rooms | L52: =COUNTA(G24)+L51 -> 33 | M52: =H24 -> 0 | O52: 27 | P52: 116 | U52: =G24 -> 0 | X52: =IF(I24=0,"",I24) | Y52: =IF(J24=0,"",J24) | AA52: =VLOOKUP($M:$M,Data!$I:$J,2,FALSE) -> #N/A
B53: 201 | D53: ETA | E53: ETD | G53: 220 | I53: ETA | J53: ETD | L53: =COUNTA(G25)+L52 -> 34 | M53: =H25 -> 0 | N53: DNK | O53: 27 | P53: 116 | U53: =G25 -> 3 | X53: =IF(I25=0,"",I25) | Y53: =IF(J25=0,"",J25) | Z53: 0035 | AA53: =VLOOKUP($M:$M,Data!$I:$J,2,FALSE) -> #N/A
C54: =VLOOKUP("27/201/1",Data!$A$2:$E$1425,3,FALSE) -> 99921 Elin | G54: 1 | H54: =VLOOKUP("27/220/1",Data!$A$2:$E$1425,3,FALSE) -> 99922 Oscar | L54: =COUNTA(G19)+L53 -> 34 | M54: =H19 -> 99908 Frida | O54: 27 | P54: 117 | Q54: =_xlfn.IFS(COUNTA(G19:G21)=1,"Single",COUNTA(G19:G21)=2,"Double",COUNTA(G19:G21)=3,"Triple",COUNTA(G19:G21)=0,"Empty") -> Double | U54: =G19 -> 0 | V54: =COUNT(G19:G21) -> 2 | X54: =IF(I19=0,"",I19) | Y54: =IF(J19=0,"",J19) | AA54: =VLOOKUP($M:$M,Data!$I:$J,2,FALSE) -> #N/A
B55: 2 | C55: =VLOOKUP("27/201/2",Data!$A$2:$E$1425,3,FALSE) -> 0 | H55: =VLOOKUP("27/220/2",Data!$A$2:$E$1425,3,FALSE) -> 0 | L55: =COUNTA(G20)+L54 -> 35 | M55: =H20 -> 0 | N55: DNK | O55: 27 | P55: 117 | U55: =G20 -> 2 | X55: =IF(I20=0,"",I20) | Y55: =IF(J20=0,"",J20) | Z55: 0037 | AA55: =VLOOKUP($M:$M,Data!$I:$J,2,FALSE) -> #N/A
B56: 3 | C56: =VLOOKUP("27/201/3",Data!$A$2:$E$1425,3,FALSE) -> 0 | G56: 3 | H56: =VLOOKUP("27/220/3",Data!$A$2:$E$1425,3,FALSE) -> 0 | L56: =COUNTA(G21)+L55 -> 36 | M56: =H21 -> 0 | N56: DNK | O56: 27 | P56: 117 | U56: =G21 -> 3 | X56: =IF(I21=0,"",I21) | Y56: =IF(J21=0,"",J21) | Z56: 0036 | AA56: =VLOOKUP($M:$M,Data!$I:$J,2,FALSE) -> #N/A
B57: 202 | D57: ETA | E57: ETD | G57: 219 | I57: ETA | J57: ETD | L57: =COUNTA(G15)+L56 -> 37 | M57: =H15 -> 99906 Christoffer | N57: DNK | O57: 27 | P57: 118 | Q57: =_xlfn.IFS(COUNTA(G15:G17)=1,"Single",COUNTA(G15:G17)=2,"Double",COUNTA(G15:G17)=3,"Triple",COUNTA(G15:G17)=0,"Empty") -> Triple | U57: =G15 -> 1 | V57: =COUNT(G15:G17) -> 3 | X57: =IF(I15=0,"",I15) | Y57: =IF(J15=0,"",J15) | Z57: 0039 | AA57: =VLOOKUP($M:$M,Data!$I:$J,2,FALSE) -> #N/A
C58: =VLOOKUP("27/202/1",Data!$A$2:$E$1425,3,FALSE) -> 99923 William | G58: 1 | H58: =VLOOKUP("27/219/1",Data!$A$2:$E$1425,3,FALSE) -> 99930 Simon | L58: =COUNTA(G16)+L57 -> 38 | M58: =H16 -> 0 | N58: DNK | O58: 27 | P58: 118 | U58: =G16 -> 2 | X58: =IF(I16=0,"",I16) | Y58: =IF(J16=0,"",J16) | Z58: 0038 | AA58: =VLOOKUP($M:$M,Data!$I:$J,2,FALSE) -> #N/A
C59: =VLOOKUP("27/202/2",Data!$A$2:$E$1425,3,FALSE) -> 0 | G59: 2 | H59: =VLOOKUP("27/219/2",Data!$A$2:$E$1425,3,FALSE) -> 99931 Victor | L59: =COUNTA(G17)+L58 -> 39 | M59: =H17 -> 0 | N59: DNK | O59: 27 | P59: 118 | U59: =G17 -> 3 | X59: =IF(I17=0,"",I17) | Y59: =IF(J17=0,"",J17) | Z59: 0040 | AA59: =VLOOKUP($M:$M,Data!$I:$J,2,FALSE) -> #N/A
B60: 3 | C60: =VLOOKUP("27/202/3",Data!$A$2:$E$1425,3,FALSE) -> 0 | H60: =VLOOKUP("27/219/3",Data!$A$2:$E$1425,3,FALSE) -> 0 | L60: =COUNTA(G11)+L59 -> 40 | M60: =H11 -> 99904 Philip | N60: DNK | O60: 27 | P60: 119 | Q60: =_xlfn.IFS(COUNTA(G11:G13)=1,"Single",COUNTA(G11:G13)=2,"Double",COUNTA(G11:G13)=3,"Triple",COUNTA(G11:G13)=0,"Empty") -> Triple | U60: =G11 -> 1 | V60: =COUNT(G11:G13) -> 3 | X60: =IF(I11=0,"",I11) | Y60: =IF(J11=0,"",J11) | Z60: 0042 | AA60: =VLOOKUP($M:$M,Data!$I:$J,2,FALSE) -> #N/A
B61: 203 | D61: ETA | E61: ETD | G61: 218 | I61: ETA | J61: ETD | L61: =COUNTA(G12)+L60 -> 41 | M61: =H12 -> 0 | N61: DNK | O61: 27 | P61: 119 | U61: =G12 -> 2 | X61: =IF(I12=0,"",I12) | Y61: =IF(J12=0,"",J12) | Z61: 0041 | AA61: =VLOOKUP($M:$M,Data!$I:$J,2,FALSE) -> #N/A
B62: 1 | C62: =VLOOKUP("27/203/1",Data!$A$2:$E$1425,3,FALSE) -> 99932 Elin | H62: =VLOOKUP("27/218/1",Data!$A$2:$E$1425,3,FALSE) -> 99934 Axel | L62: =COUNTA(G13)+L61 -> 42 | M62: =H13 -> 0 | N62: DNK | O62: 27 | P62: 119 | U62: =G13 -> 3 | X62: =IF(I13=0,"",I13) | Y62: =IF(J13=0,"",J13) | Z62: 0043 | AA62: =VLOOKUP($M:$M,Data!$I:$J,2,FALSE) -> #N/A
C63: =VLOOKUP("27/203/2",Data!$A$2:$E$1425,3,FALSE) -> 99933 Julia | G63: 2 | H63: =VLOOKUP("27/218/2",Data!$A$2:$E$1425,3,FALSE) -> 99935 Cevin | L63: =COUNTA(G7)+L62 -> 43 | M63: =H7 -> 99902 Peter | N63: DNK | O63: 27 | P63: 120 | Q63: =_xlfn.IFS(COUNTA(G7:G9)=1,"Single",COUNTA(G7:G9)=2,"Double",COUNTA(G7:G9)=3,"Triple",COUNTA(G7:G9)=0,"Empty") -> Double | U63: =G7 -> 1 | V63: =COUNT(G7:G9) -> 2 | X63: =IF(I7=0,"",I7) | Y63: =IF(J7=0,"",J7) | Z63: 0044 | AA63: =VLOOKUP($M:$M,Data!$I:$J,2,FALSE) -> #N/A
B64: 3 | C64: =VLOOKUP("27/203/3",Data!$A$2:$E$1425,3,FALSE) -> 0 | G64: 3 | H64: =VLOOKUP("27/218/3",Data!$A$2:$E$1425,3,FALSE) -> 0 | L64: =COUNTA(G8)+L63 -> 43 | M64: =H8 -> 0 | O64: 27 | P64: 120 | U64: =G8 -> 0 | X64: =IF(I8=0,"",I8) | Y64: =IF(J8=0,"",J8) | AA64: =VLOOKUP($M:$M,Data!$I:$J,2,FALSE) -> #N/A
B65: 204 | D65: ETA | E65: ETD | G65: 217 | I65: ETA | J65: ETD | L65: =COUNTA(G9)+L64 -> 44 | M65: =H9 -> 0 | N65: DNK | O65: 27 | P65: 120 | U65: =G9 -> 3 | X65: =IF(I9=0,"",I9) | Y65: =IF(J9=0,"",J9) | Z65: 0045 | AA65: =VLOOKUP($M:$M,Data!$I:$J,2,FALSE) -> #N/A
B66: 1 | C66: =VLOOKUP("27/204/1",Data!$A$2:$E$1425,3,FALSE) -> 99936 Eric | G66: 1 | H66: =VLOOKUP("27/217/1",Data!$A$2:$E$1425,3,FALSE) -> 99940 Ake Nordstrom | L66: =COUNTA(B54)+L65 -> 44 | M66: =C54 -> 99921 Elin | O66: 27 | P66: 201 | Q66: =_xlfn.IFS(COUNTA(B54:B56)=1,"Single",COUNTA(B54:B56)=2,"Double",COUNTA(B54:B56)=3,"Triple",COUNTA(B54:B56)=0,"Empty") -> Double | U66: =B54 -> 0 | V66: =COUNT(B54:B56) -> 2 | X66: =IF(D54=0,"",D54) | Y66: =IF(E54=0,"",E54) | AA66: =VLOOKUP($M:$M,Data!$I:$J,2,FALSE) -> #N/A
B67: 2 | C67: =VLOOKUP("27/204/2",Data!$A$2:$E$1425,3,FALSE) -> 99937 Maria | H67: =VLOOKUP("27/217/2",Data!$A$2:$E$1425,3,FALSE) -> 99941 Maria Hjortstorp | L67: =COUNTA(B55)+L66 -> 45 | M67: =C55 -> 0 | N67: DNK | O67: 27 | P67: 201 | U67: =B55 -> 2 | X67: =IF(D55=0,"",D55) | Y67: =IF(E55=0,"",E55) | Z67: 0046 | AA67: =VLOOKUP($M:$M,Data!$I:$J,2,FALSE) -> #N/A
C68: =VLOOKUP("27/204/3",Data!$A$2:$E$1425,3,FALSE) -> 0 | G68: 3 | H68: =VLOOKUP("27/217/3",Data!$A$2:$E$1425,3,FALSE) -> 0 | L68: =COUNTA(B56)+L67 -> 46 | M68: =C56 -> 0 | N68: DNK | O68: 27 | P68: 201 | U68: =B56 -> 3 | X68: =IF(D56=0,"",D56) | Y68: =IF(E56=0,"",E56) | Z68: 0047 | AA68: =VLOOKUP($M:$M,Data!$I:$J,2,FALSE) -> #N/A
B69: 205 | D69: ETA | E69: ETD | G69: 216 | I69: ETA | J69: ETD | L69: =COUNTA(B58)+L68 -> 46 | M69: =C58 -> 99923 William | O69: 27 | P69: 202 | Q69: =_xlfn.IFS(COUNTA(B58:B60)=1,"Single",COUNTA(B58:B60)=2,"Double",COUNTA(B58:B60)=3,"Triple",COUNTA(B58:B60)=0,"Empty") -> Single | U69: =B58 -> 0 | V69: =COUNT(B58:B60) -> 1 | X69: =IF(D58=0,"",D58) | Y69: =IF(E58=0,"",E58) | AA69: =VLOOKUP($M:$M,Data!$I:$J,2,FALSE) -> #N/A
C70: =VLOOKUP("27/205/1",Data!$A$2:$E$1425,3,FALSE) -> 99948 Rebecca B 13/1-20/1 Guest | H70: =VLOOKUP("27/216/1",Data!$A$2:$E$1425,3,FALSE) -> 0 | L70: =COUNTA(B59)+L69 -> 46 | M70: =C59 -> 0 | O70: 27 | P70: 202 | U70: =B59 -> 0 | X70: =IF(D59=0,"",D59) | Y70: =IF(E59=0,"",E59) | AA70: =VLOOKUP($M:$M,Data!$I:$J,2,FALSE) -> #N/A
B71: 2 | C71: =VLOOKUP("27/205/2",Data!$A$2:$E$1425,3,FALSE) -> 99949 Cassandra B 13/1-20/1 Guest | G71: 2 | H71: =VLOOKUP("27/216/2",Data!$A$2:$E$1425,3,FALSE) -> 0 | L71: =COUNTA(B60)+L70 -> 47 | M71: =C60 -> 0 | N71: DNK | O71: 27 | P71: 202 | U71: =B60 -> 3 | X71: =IF(D60=0,"",D60) | Y71: =IF(E60=0,"",E60) | Z71: 0048 | AA71: =VLOOKUP($M:$M,Data!$I:$J,2,FALSE) -> #N/A
C72: =VLOOKUP("27/205/3",Data!$A$2:$E$1425,3,FALSE) -> 0 | G72: 3 | H72: =VLOOKUP("27/216/3",Data!$A$2:$E$1425,3,FALSE) -> 0 | L72: =COUNTA(B62)+L71 -> 48 | M72: =C62 -> 99932 Elin | N72: DNK | O72: 27 | P72: 203 | Q72: =_xlfn.IFS(COUNTA(B62:B64)=1,"Single",COUNTA(B62:B64)=2,"Double",COUNTA(B62:B64)=3,"Triple",COUNTA(B62:B64)=0,"Empty") -> Double | U72: =B62 -> 1 | V72: =COUNT(B62:B64) -> 2 | X72: =IF(D62=0,"",D62) | Y72: =IF(E62=0,"",E62) | Z72: 0049 | AA72: =VLOOKUP($M:$M,Data!$I:$J,2,FALSE) -> #N/A
B73: 206 | D73: ETA | E73: ETD | G73: Drying room | L73: =COUNTA(B63)+L72 -> 48 | M73: =C63 -> 99933 Julia | O73: 27 | P73: 203 | U73: =B63 -> 0 | X73: =IF(D63=0,"",D63) | Y73: =IF(E63=0,"",E63) | AA73: =VLOOKUP($M:$M,Data!$I:$J,2,FALSE) -> #N/A
B74: 1 | C74: =VLOOKUP("27/206/1",Data!$A$2:$E$1425,3,FALSE) -> 99950 Daniel J 13/1-20/1 Guest | L74: =COUNTA(B64)+L73 -> 49 | M74: =C64 -> 0 | N74: DNK | O74: 27 | P74: 203 | U74: =B64 -> 3 | X74: =IF(D64=0,"",D64) | Y74: =IF(E64=0,"",E64) | Z74: 0050 | AA74: =VLOOKUP($M:$M,Data!$I:$J,2,FALSE) -> #N/A
C75: =VLOOKUP("27/206/2",Data!$A$2:$E$1425,3,FALSE) -> 0 | L75: =COUNTA(B66)+L74 -> 50 | M75: =C66 -> 99936 Eric | N75: DNK | O75: 27 | P75: 204 | Q75: =_xlfn.IFS(COUNTA(B66:B68)=1,"Single",COUNTA(B66:B68)=2,"Double",COUNTA(B66:B68)=3,"Triple",COUNTA(B66:B68)=0,"Empty") -> Double | U75: =B66 -> 1 | V75: =COUNT(B66:B68) -> 2 | X75: =IF(D66=0,"",D66) | Y75: =IF(E66=0,"",E66) | Z75: 0052 | AA75: =VLOOKUP($M:$M,Data!$I:$J,2,FALSE) -> #N/A
B76: 3 | C76: =VLOOKUP("27/206/3",Data!$A$2:$E$1425,3,FALSE) -> 0 | L76: =COUNTA(B67)+L75 -> 51 | M76: =C67 -> 99937 Maria | N76: DNK | O76: 27 | P76: 204 | U76: =B67 -> 2 | X76: =IF(D67=0,"",D67) | Y76: =IF(E67=0,"",E67) | Z76: 0051 | AA76: =VLOOKUP($M:$M,Data!$I:$J,2,FALSE) -> #N/A
B77: 207 | D77: ETA | E77: ETD | L77: =COUNTA(B68)+L76 -> 51 | M77: =C68 -> 0 | O77: 27 | P77: 204 | U77: =B68 -> 0 | X77: =IF(D68=0,"",D68) | Y77: =IF(E68=0,"",E68) | AA77: =VLOOKUP($M:$M,Data!$I:$J,2,FALSE) -> #N/A
B78: 1 | C78: =VLOOKUP("27/207/1",Data!$A$2:$E$1425,3,FALSE) -> 99951 Anton.W 13/1-20/1 Guest | L78: =COUNTA(B70)+L77 -> 51 | M78: =C70 -> 99948 Rebecca B 13/1-20/1 Guest | N78: DNK | O78: 27 | P78: 205 | Q78: =_xlfn.IFS(COUNTA(B70:B72)=1,"Single",COUNTA(B70:B72)=2,"Double",COUNTA(B70:B72)=3,"Triple",COUNTA(B70:B72)=0,"Empty") -> Single | U78: =B70 -> 0 | V78: =COUNT(B70:B72) -> 1 | X78: =IF(D70=0,"",D70) | Y78: =IF(E70=0,"",E70) | Z78: 0054 | AA78: =VLOOKUP($M:$M,Data!$I:$J,2,FALSE) -> #N/A
C79: =VLOOKUP("27/207/2",Data!$A$2:$E$1425,3,FALSE) -> 0 | L79: =COUNTA(B71)+L78 -> 52 | M79: =C71 -> 99949 Cassandra B 13/1-20/1 Guest | N79: DNK | O79: 27 | P79: 205 | U79: =B71 -> 2 | X79: =IF(D71=0,"",D71) | Y79: =IF(E71=0,"",E71) | Z79: 0053 | AA79: =VLOOKUP($M:$M,Data!$I:$J,2,FALSE) -> #N/A
C80: =VLOOKUP("27/207/3",Data!$A$2:$E$1425,3,FALSE) -> 0 | L80: =COUNTA(B72)+L79 -> 52 | M80: =C72 -> 0 | O80: 27 | P80: 205 | U80: =B72 -> 0 | X80: =IF(D72=0,"",D72) | Y80: =IF(E72=0,"",E72) | AA80: =VLOOKUP($M:$M,Data!$I:$J,2,FALSE) -> #N/A
B81: 208 | D81: ETA | E81: ETD | G81: 215 | I81: ETA | J81: ETD | L81: =COUNTA(B74)+L80 -> 53 | M81: =C74 -> 99950 Daniel J 13/1-20/1 Guest | N81: DNK | O81: 27 | P81: 206 | Q81: =_xlfn.IFS(COUNTA(B74:B76)=1,"Single",COUNTA(B74:B76)=2,"Double",COUNTA(B74:B76)=3,"Triple",COUNTA(B74:B76)=0,"Empty") -> Double | U81: =B74 -> 1 | V81: =COUNT(B74:B76) -> 2 | X81: =IF(D74=0,"",D74) | Y81: =IF(E74=0,"",E74) | Z81: 0878 | AA81: =VLOOKUP($M:$M,Data!$I:$J,2,FALSE) -> #N/A | AB81: MC 0055 - lost, replaced with 0878
C82: =VLOOKUP("27/208/1",Data!$A$2:$E$1425,3,FALSE) -> 99952 Isac A 13/1-20/1 Guest | G82: 1 | H82: =VLOOKUP("27/215/1",Data!$A$2:$E$1425,3,FALSE) -> 99942 Lydiana B 13/1-20/1 Guest | L82: =COUNTA(B75)+L81 -> 53 | M82: =C75 -> 0 | O82: 27 | P82: 206 | U82: =B75 -> 0 | X82: =IF(D75=0,"",D75) | Y82: =IF(E75=0,"",E75) | AA82: =VLOOKUP($M:$M,Data!$I:$J,2,FALSE) -> #N/A
B83: 2 | C83: =VLOOKUP("27/208/2",Data!$A$2:$E$1425,3,FALSE) -> 99953 Liam B 13/1-20/1 Guest | G83: 2 | H83: =VLOOKUP("27/215/2",Data!$A$2:$E$1425,3,FALSE) -> 99943 Isabelle S 13/1-20/1 Guest | L83: =COUNTA(B76)+L82 -> 54 | M83: =C76 -> 0 | N83: DNK | O83: 27 | P83: 206 | U83: =B76 -> 3 | X83: =IF(D76=0,"",D76) | Y83: =IF(E76=0,"",E76) | Z83: 0056 | AA83: =VLOOKUP($M:$M,Data!$I:$J,2,FALSE) -> #N/A
B84: 3 | C84: =VLOOKUP("27/208/3",Data!$A$2:$E$1425,3,FALSE) -> 0 | G84: 3 | H84: =VLOOKUP("27/215/3",Data!$A$2:$E$1425,3,FALSE) -> 0 | L84: =COUNTA(B78)+L83 -> 55 | M84: =C78 -> 99951 Anton.W 13/1-20/1 Guest | O84: 27 | P84: 207 | Q84: =_xlfn.IFS(COUNTA(B78:B80)=1,"Single",COUNTA(B78:B80)=2,"Double",COUNTA(B78:B80)=3,"Triple",COUNTA(B78:B80)=0,"Empty") -> Single | U84: =B78 -> 1 | V84: =COUNT(B78:B80) -> 1 | X84: =IF(D78=0,"",D78) | Y84: =IF(E78=0,"",E78) | Z84: 0054 | AA84: =VLOOKUP($M:$M,Data!$I:$J,2,FALSE) -> #N/A | AB84: 229827 Thomas, SIM 1, Checked out on 26.08/ MC0057/Bag0217 in the billeting
B85: 209 | D85: ETA | E85: ETD | G85: 214 | I85: ETA | J85: ETD | L85: =COUNTA(B79)+L84 -> 55 | M85: =C79 -> 0 | O85: 27 | P85: 207 | U85: =B79 -> 0 | X85: =IF(D79=0,"",D79) | Y85: =IF(E79=0,"",E79) | AA85: =VLOOKUP($M:$M,Data!$I:$J,2,FALSE) -> #N/A
B86: 1 | C86: =VLOOKUP("27/209/1",Data!$A$2:$E$1425,3,FALSE) -> 99954 Axel D 13/1-20/1 Guest | G86: 1 | H86: =VLOOKUP("27/214/1",Data!$A$2:$E$1425,3,FALSE) -> 99944 Emil A 13/1-20/1 Guest | L86: =COUNTA(B80)+L85 -> 55 | M86: =C80 -> 0 | O86: 27 | P86: 207 | U86: =B80 -> 0 | X86: =IF(D80=0,"",D80) | Y86: =IF(E80=0,"",E80) | AA86: =VLOOKUP($M:$M,Data!$I:$J,2,FALSE) -> #N/A
B87: 2 | C87: =VLOOKUP("27/209/2",Data!$A$2:$E$1425,3,FALSE) -> 99955 Viktor L 13/1-20/1 Guest | H87: =VLOOKUP("27/214/2",Data!$A$2:$E$1425,3,FALSE) -> 99945 Hugo B 13/1-20/1 Guest | L87: =COUNTA(B82)+L86 -> 55 | M87: =C82 -> 99952 Isac A 13/1-20/1 Guest | O87: 27 | P87: 208 | Q87: =_xlfn.IFS(COUNTA(B82:B84)=1,"Single",COUNTA(B82:B84)=2,"Double",COUNTA(B82:B84)=3,"Triple",COUNTA(B82:B84)=0,"Empty") -> Double | U87: =B82 -> 0 | V87: =COUNT(B82:B84) -> 2 | X87: =IF(D82=0,"",D82) | Y87: =IF(E82=0,"",E82) | AA87: =VLOOKUP($M:$M,Data!$I:$J,2,FALSE) -> #N/A
C88: =VLOOKUP("27/209/3",Data!$A$2:$E$1425,3,FALSE) -> 0 | G88: 3 | H88: =VLOOKUP("27/214/3",Data!$A$2:$E$1425,3,FALSE) -> 0 | L88: =COUNTA(B83)+L87 -> 56 | M88: =C83 -> 99953 Liam B 13/1-20/1 Guest | N88: DNK | O88: 27 | P88: 208 | U88: =B83 -> 2 | X88: =IF(D83=0,"",D83) | Y88: =IF(E83=0,"",E83) | Z88: 0059 | AA88: =VLOOKUP($M:$M,Data!$I:$J,2,FALSE) -> #N/A
B89: 210 | D89: ETA | E89: ETD | G89: 213 | I89: ETA | J89: ETD | L89: =COUNTA(B84)+L88 -> 57 | M89: =C84 -> 0 | N89: DNK | O89: 27 | P89: 208 | U89: =B84 -> 3 | X89: =IF(D84=0,"",D84) | Y89: =IF(E84=0,"",E84) | Z89: 0058 | AA89: =VLOOKUP($M:$M,Data!$I:$J,2,FALSE) -> #N/A
C90: =VLOOKUP("27/210/1",Data!$A$2:$E$1425,3,FALSE) -> 99956 Albin A 13/1-20/1 Guest | G90: 1 | H90: =VLOOKUP("27/213/1",Data!$A$2:$E$1425,3,FALSE) -> 99946 Otto B 13/1-20/1 Guest | L90: =COUNTA(B86)+L89 -> 58 | M90: =C86 -> 99954 Axel D 13/1-20/1 Guest | N90: DNK | O90: 27 | P90: 209 | Q90: =_xlfn.IFS(COUNTA(B86:B88)=1,"Single",COUNTA(B86:B88)=2,"Double",COUNTA(B86:B88)=3,"Triple",COUNTA(B86:B88)=0,"Empty") -> Double | U90: =B86 -> 1 | V90: =COUNT(B86:B88) -> 2 | X90: =IF(D86=0,"",D86) | Y90: =IF(E86=0,"",E86) | Z90: 0061 | AA90: =VLOOKUP($M:$M,Data!$I:$J,2,FALSE) -> #N/A
B91: 2 | C91: =VLOOKUP("27/210/2",Data!$A$2:$E$1425,3,FALSE) -> 99957 Alfons B 13/1-20/1 Guest | G91: 2 | H91: =VLOOKUP("27/213/2",Data!$A$2:$E$1425,3,FALSE) -> 99947 Vilhelm V 13/1-20/1 Guest | L91: =COUNTA(B87)+L90 -> 59 | M91: =C87 -> 99955 Viktor L 13/1-20/1 Guest | N91: DNK | O91: 27 | P91: 209 | U91: =B87 -> 2 | X91: =IF(D87=0,"",D87) | Y91: =IF(E87=0,"",E87) | Z91: 0060 | AA91: =VLOOKUP($M:$M,Data!$I:$J,2,FALSE) -> #N/A
B92: 3 | C92: =VLOOKUP("27/210/3",Data!$A$2:$E$1425,3,FALSE) -> 0 | H92: =VLOOKUP("27/213/3",Data!$A$2:$E$1425,3,FALSE) -> 0 | L92: =COUNTA(B88)+L91 -> 59 | M92: =C88 -> 0 | O92: 27 | P92: 209 | U92: =B88 -> 0 | X92: =IF(D88=0,"",D88) | Y92: =IF(E88=0,"",E88) | AA92: =VLOOKUP($M:$M,Data!$I:$J,2,FALSE) -> #N/A
B93: 211 | D93: ETA | E93: ETD | G93: 212 | I93: ETA | J93: ETD | L93: =COUNTA(B90)+L92 -> 59 | M93: =C90 -> 99956 Albin A 13/1-20/1 Guest | O93: 27 | P93: 210 | Q93: =_xlfn.IFS(COUNTA(B90:B92)=1,"Single",COUNTA(B90:B92)=2,"Double",COUNTA(B90:B92)=3,"Triple",COUNTA(B90:B92)=0,"Empty") -> Double | U93: =B90 -> 0 | V93: =COUNT(B90:B92) -> 2 | X93: =IF(D90=0,"",D90) | Y93: =IF(E90=0,"",E90) | AA93: =VLOOKUP($M:$M,Data!$I:$J,2,FALSE) -> #N/A
B94: 1 | C94: =VLOOKUP("27/211/1",Data!$A$2:$E$1425,3,FALSE) -> 99958 Sam F 13/1-20/1 Guest | G94: 1 | H94: =VLOOKUP("27/212/1",Data!$A$2:$E$1425,3,FALSE) -> 0 | L94: =COUNTA(B91)+L93 -> 60 | M94: =C91 -> 99957 Alfons B 13/1-20/1 Guest | N94: DNK | O94: 27 | P94: 210 | U94: =B91 -> 2 | X94: =IF(D91=0,"",D91) | Y94: =IF(E91=0,"",E91) | Z94: 0062 | AA94: =VLOOKUP($M:$M,Data!$I:$J,2,FALSE) -> #N/A
B95: 2 | C95: =VLOOKUP("27/211/2",Data!$A$2:$E$1425,3,FALSE) -> 0 | G95: 2 | H95: =VLOOKUP("27/212/2",Data!$A$2:$E$1425,3,FALSE) -> 0 | L95: =COUNTA(B92)+L94 -> 61 | M95: =C92 -> 0 | N95: DNK | O95: 27 | P95: 210 | U95: =B92 -> 3 | X95: =IF(D92=0,"",D92) | Y95: =IF(E92=0,"",E92) | Z95: 0063 | AA95: =VLOOKUP($M:$M,Data!$I:$J,2,FALSE) -> #N/A
C96: =VLOOKUP("27/211/3",Data!$A$2:$E$1425,3,FALSE) -> 0 | G96: 3 | H96: =VLOOKUP("27/212/3",Data!$A$2:$E$1425,3,FALSE) -> 0 | L96: =COUNTA(B94)+L95 -> 62 | M96: =C94 -> 99958 Sam F 13/1-20/1 Guest | N96: DNK | O96: 27 | P96: 211 | Q96: =_xlfn.IFS(COUNTA(B94:B96)=1,"Single",COUNTA(B94:B96)=2,"Double",COUNTA(B94:B96)=3,"Triple",COUNTA(B94:B96)=0,"Empty") -> Double | U96: =B94 -> 1 | V96: =COUNT(B94:B96) -> 2 | X96: =IF(D94=0,"",D94) | Y96: =IF(E94=0,"",E94) | Z96: 0065 | AA96: =VLOOKUP($M:$M,Data!$I:$J,2,FALSE) -> #N/A
L97: =COUNTA(B95)+L96 -> 63 | M97: =C95 -> 0 | N97: DNK | O97: 27 | P97: 211 | U97: =B95 -> 2 | X97: =IF(D95=0,"",D95) | Y97: =IF(E95=0,"",E95) | Z97: 0064 | AA97: =VLOOKUP($M:$M,Data!$I:$J,2,FALSE) -> #N/A
L98: =COUNTA(B96)+L97 -> 63 | M98: =C96 -> 0 | O98: 27 | P98: 211 | U98: =B96 -> 0 | X98: =IF(D96=0,"",D96) | Y98: =IF(E96=0,"",E96) | AA98: =VLOOKUP($M:$M,Data!$I:$J,2,FALSE) -> #N/A
L99: =COUNTA(G94)+L98 -> 64 | M99: =H94 -> 0 | N99: DNK | O99: 27 | P99: 212 | Q99: =_xlfn.IFS(COUNTA(G94:G96)=1,"Single",COUNTA(G94:G96)=2,"Double",COUNTA(G94:G96)=3,"Triple",COUNTA(G94:G96)=0,"Empty") -> Triple | U99: =G94 -> 1 | V99: =COUNT(G94:G96) -> 3 | X99: =IF(I94=0,"",I94) | Y99: =IF(J94=0,"",J94) | Z99: 0066 | AA99: =VLOOKUP($M:$M,Data!$I:$J,2,FALSE) -> #N/A
L100: =COUNTA(G95)+L99 -> 65 | M100: =H95 -> 0 | N100: DNK | O100: 27 | P100: 212 | U100: =G95 -> 2 | X100: =IF(I95=0,"",I95) | Y100: =IF(J95=0,"",J95) | Z100: 0068 | AA100: =VLOOKUP($M:$M,Data!$I:$J,2,FALSE) -> #N/A
L101: =COUNTA(G96)+L100 -> 66 | M101: =H96 -> 0 | N101: DNK | O101: 27 | P101: 212 | U101: =G96 -> 3 | X101: =IF(I96=0,"",I96) | Y101: =IF(J96=0,"",J96) | Z101: 0067 | AA101: =VLOOKUP($M:$M,Data!$I:$J,2,FALSE) -> #N/A
...

Sheet 28
L2: # | M2: NAME, ID | N2: Nation | O2: Building | P2: ROOM | U2: Placed Beds | X2: Date | AB2: Remarks
C3: Password: 12 | P3: Used | Q3: Single | R3: Double | S3: Triple | T3: Empty | U3: 1 | V3: 2 | W3: 3 | X3: ETA | Y3: ETD | Z3: MC | AA3: L. Bag
C4: Building 28 - 1st floor | M4: =Q4+R4*2+S4*3 -> 107 | P4: =SUM(Q4:S4) -> 40 | Q4: =COUNTIFS(Q6:T125,"=Single") -> 0 | R4: =COUNTIFS(Q6:T125,"=Double") -> 13 | S4: =COUNTIFS(Q6:T125,"=Triple") -> 27 | T4: =COUNTIFS(Q6:T125,"=Empty") -> 0 | U4: =COUNTIFS(V6:W125,"=1") -> 0 | V4: =COUNTIFS(V6:W125,"=2") -> 13 | W4: =COUNTIFS(V6:W125,"=3") -> 27 | Z4: =COUNTA(Z6:Z130) -> 106 | AA4: =COUNTA(AA6:AA130)-SUM(COUNTIF(AA6:AA130,{"#N/A"})) -> 0
B5: Rooms | G5: Rooms | U5: =SUM(V6:W125) -> 107 | V5: b/r | W5: =U4+V4+W4 -> 40
B6: 101 | D6: ETA | E6: ETD | G6: 120 | I6: ETA | J6: ETD | L6: =COUNTA(B7) -> 1 | M6: =C7 -> 10002 NILS | N6: DNK | O6: 28 | P6: 101 | Q6: =_xlfn.IFS(COUNTA(B7:B9)=1,"Single",COUNTA(B7:B9)=2,"Double",COUNTA(B7:B9)=3,"Triple",COUNTA(B7:B9)=0,"Empty") -> Triple | U6: =B7 -> 1 | V6: =COUNT(B7:B9) -> 3 | X6: =IF(D7=0,"",D7) | Y6: =IF(E7=0,"",E7) | Z6: 0086 | AA6: =VLOOKUP($M:$M,Data!$I:$J,2,FALSE) -> #N/A
B7: 1 | C7: =VLOOKUP("28/101/1",Data!$A$2:$E$1425,3,FALSE) -> 10002 NILS | G7: 1 | H7: =VLOOKUP("28/120/1",Data!$A$2:$E$1425,3,FALSE) -> 10003 JEFF | L7: =COUNTA(B8)+L6 -> 2 | M7: =C8 -> 0 | N7: DNK | O7: 28 | P7: 101 | U7: =B8 -> 2 | X7: =IF(D8=0,"",D8) | Y7: =IF(E8=0,"",E8) | Z7: 0087 | AA7: =VLOOKUP($M:$M,Data!$I:$J,2,FALSE) -> #N/A
B8: 2 | C8: =VLOOKUP("28/101/2",Data!$A$2:$E$1425,3,FALSE) -> 0 | G8: 2 | H8: =VLOOKUP("28/120/2",Data!$A$2:$E$1425,3,FALSE) -> 0 | L8: =COUNTA(B9)+L7 -> 3 | M8: =C9 -> 0 | N8: DNK | O8: 28 | P8: 101 | U8: =B9 -> 3 | X8: =IF(D9=0,"",D9) | Y8: =IF(E9=0,"",E9) | Z8: 0088 | AA8: =VLOOKUP($M:$M,Data!$I:$J,2,FALSE) -> #N/A
B9: 3 | C9: =VLOOKUP("28/101/3",Data!$A$2:$E$1425,3,FALSE) -> 0 | G9: 3 | H9: =VLOOKUP("28/120/3",Data!$A$2:$E$1425,3,FALSE) -> 0 | L9: =COUNTA(B11)+L8 -> 4 | M9: =C11 -> 12101 SIMON | N9: DNK | O9: 28 | P9: 102 | Q9: =_xlfn.IFS(COUNTA(B11:B13)=1,"Single",COUNTA(B11:B13)=2,"Double",COUNTA(B11:B13)=3,"Triple",COUNTA(B11:B13)=0,"Empty") -> Triple | U9: =B11 -> 1 | V9: =COUNT(B11:B13) -> 3 | X9: =IF(D11=0,"",D11) | Y9: =IF(E11=0,"",E11) | Z9: 0089 | AA9: =VLOOKUP($M:$M,Data!$I:$J,2,FALSE) -> #N/A
B10: 102 | D10: ETA | E10: ETD | G10: 119 | I10: ETA | J10: ETD | L10: =COUNTA(B12)+L9 -> 5 | M10: =C12 -> 12102 NILS | N10: DNK | O10: 28 | P10: 102 | U10: =B12 -> 2 | X10: =IF(D12=0,"",D12) | Y10: =IF(E12=0,"",E12) | Z10: 0090 | AA10: =VLOOKUP($M:$M,Data!$I:$J,2,FALSE) -> #N/A
B11: 1 | C11: =VLOOKUP("28/102/1",Data!$A$2:$E$1425,3,FALSE) -> 12101 SIMON | G11: 1 | H11: =VLOOKUP("28/119/1",Data!$A$2:$E$1425,3,FALSE) -> 12104 ALBIN | L11: =COUNTA(B13)+L10 -> 6 | M11: =C13 -> 0 | N11: DNK | O11: 28 | P11: 102 | U11: =B13 -> 3 | X11: =IF(D13=0,"",D13) | Y11: =IF(E13=0,"",E13) | Z11: 0091 | AA11: =VLOOKUP($M:$M,Data!$I:$J,2,FALSE) -> #N/A
B12: 2 | C12: =VLOOKUP("28/102/2",Data!$A$2:$E$1425,3,FALSE) -> 12102 NILS | G12: 2 | H12: =VLOOKUP("28/119/2",Data!$A$2:$E$1425,3,FALSE) -> 12105 MAX | L12: =COUNTA(B15)+L11 -> 7 | M12: =C15 -> 12201 JESPER | N12: DNK | O12: 28 | P12: 103 | Q12: =_xlfn.IFS(COUNTA(B15:B17)=1,"Single",COUNTA(B15:B17)=2,"Double",COUNTA(B15:B17)=3,"Triple",COUNTA(B15:B17)=0,"Empty") -> Triple | U12: =B15 -> 1 | V12: =COUNT(B15:B17) -> 3 | X12: =IF(D15=0,"",D15) | Y12: =IF(E15=0,"",E15) | Z12: 0092 | AA12: =VLOOKUP($M:$M,Data!$I:$J,2,FALSE) -> #N/A
B13: 3 | C13: =VLOOKUP("28/102/3",Data!$A$2:$E$1425,3,FALSE) -> 0 | G13: 3 | H13: =VLOOKUP("28/119/3",Data!$A$2:$E$1425,3,FALSE) -> 0 | L13: =COUNTA(B16)+L12 -> 8 | M13: =C16 -> 12202 ADAM | N13: DNK | O13: 28 | P13: 103 | U13: =B16 -> 2 | X13: =IF(D16=0,"",D16) | Y13: =IF(E16=0,"",E16) | Z13: 0093 | AA13: =VLOOKUP($M:$M,Data!$I:$J,2,FALSE) -> #N/A
B14: 103 | D14: ETA | E14: ETD | G14: 118 | I14: ETA | J14: ETD | L14: =COUNTA(B17)+L13 -> 9 | M14: =C17 -> 0 | N14: DNK | O14: 28 | P14: 103 | U14: =B17 -> 3 | X14: =IF(D17=0,"",D17) | Y14: =IF(E17=0,"",E17) | Z14: 0094 | AA14: =VLOOKUP($M:$M,Data!$I:$J,2,FALSE) -> #N/A
B15: 1 | C15: =VLOOKUP("28/103/1",Data!$A$2:$E$1425,3,FALSE) -> 12201 JESPER | G15: 1 | H15: =VLOOKUP("28/118/1",Data!$A$2:$E$1425,3,FALSE) -> 12103 FREDRIK | L15: =COUNTA(B19)+L14 -> 10 | M15: =C19 -> 12107 JAKOB | N15: DNK | O15: 28 | P15: 104 | Q15: =_xlfn.IFS(COUNTA(B19:B21)=1,"Single",COUNTA(B19:B21)=2,"Double",COUNTA(B19:B21)=3,"Triple",COUNTA(B19:B21)=0,"Empty") -> Triple | U15: =B19 -> 1 | V15: =COUNT(B19:B21) -> 3 | X15: =IF(D19=0,"",D19) | Y15: =IF(E19=0,"",E19) | Z15: 0095 | AA15: =VLOOKUP($M:$M,Data!$I:$J,2,FALSE) -> #N/A
B16: 2 | C16: =VLOOKUP("28/103/2",Data!$A$2:$E$1425,3,FALSE) -> 12202 ADAM | G16: 2 | H16: =VLOOKUP("28/118/2",Data!$A$2:$E$1425,3,FALSE) -> 0 | L16: =COUNTA(B20)+L15 -> 11 | M16: =C20 -> 12108 JESPER | N16: DNK | O16: 28 | P16: 104 | U16: =B20 -> 2 | X16: =IF(D20=0,"",D20) | Y16: =IF(E20=0,"",E20) | Z16: 0096 | AA16: =VLOOKUP($M:$M,Data!$I:$J,2,FALSE) -> #N/A
B17: 3 | C17: =VLOOKUP("28/103/3",Data!$A$2:$E$1425,3,FALSE) -> 0 | G17: 3 | H17: =VLOOKUP("28/118/3",Data!$A$2:$E$1425,3,FALSE) -> 0 | L17: =COUNTA(B21)+L16 -> 12 | M17: =C21 -> 0 | N17: DNK | O17: 28 | P17: 104 | U17: =B21 -> 3 | X17: =IF(D21=0,"",D21) | Y17: =IF(E21=0,"",E21) | Z17: 0847 | AA17: =VLOOKUP($M:$M,Data!$I:$J,2,FALSE) -> #N/A
B18: 104 | D18: ETA | E18: ETD | G18: 117 | I18: ETA | J18: ETD | L18: =COUNTA(B23)+L17 -> 13 | M18: =C23 -> 12109 THERRAPHAN | N18: DNK | O18: 28 | P18: 105 | Q18: =_xlfn.IFS(COUNTA(B23:B25)=1,"Single",COUNTA(B23:B25)=2,"Double",COUNTA(B23:B25)=3,"Triple",COUNTA(B23:B25)=0,"Empty") -> Triple | U18: =B23 -> 1 | V18: =COUNT(B23:B25) -> 3 | X18: =IF(D23=0,"",D23) | Y18: =IF(E23=0,"",E23) | Z18: 0098 | AA18: =VLOOKUP($M:$M,Data!$I:$J,2,FALSE) -> #N/A
B19: 1 | C19: =VLOOKUP("28/104/1",Data!$A$2:$E$1425,3,FALSE) -> 12107 JAKOB | G19: 1 | H19: =VLOOKUP("28/117/1",Data!$A$2:$E$1425,3,FALSE) -> 12111 OSCAR | L19: =COUNTA(B24)+L18 -> 14 | M19: =C24 -> 12110 ALEXANDER | N19: DNK | O19: 28 | P19: 105 | U19: =B24 -> 2 | X19: =IF(D24=0,"",D24) | Y19: =IF(E24=0,"",E24) | Z19: 0099 | AA19: =VLOOKUP($M:$M,Data!$I:$J,2,FALSE) -> #N/A
B20: 2 | C20: =VLOOKUP("28/104/2",Data!$A$2:$E$1425,3,FALSE) -> 12108 JESPER | G20: 2 | H20: =VLOOKUP("28/117/2",Data!$A$2:$E$1425,3,FALSE) -> 12106 OTTO | L20: =COUNTA(B25)+L19 -> 15 | M20: =C25 -> 0 | N20: DNK | O20: 28 | P20: 105 | U20: =B25 -> 3 | X20: =IF(D25=0,"",D25) | Y20: =IF(E25=0,"",E25) | Z20: 0100 | AA20: =VLOOKUP($M:$M,Data!$I:$J,2,FALSE) -> #N/A
B21: 3 | C21: =VLOOKUP("28/104/3",Data!$A$2:$E$1425,3,FALSE) -> 0 | H21: =VLOOKUP("28/117/3",Data!$A$2:$E$1425,3,FALSE) -> 0 | L21: =COUNTA(B27)+L20 -> 16 | M21: =C27 -> 12203 EMIL | N21: DNK | O21: 28 | P21: 106 | Q21: =_xlfn.IFS(COUNTA(B27:B29)=1,"Single",COUNTA(B27:B29)=2,"Double",COUNTA(B27:B29)=3,"Triple",COUNTA(B27:B29)=0,"Empty") -> Triple | U21: =B27 -> 1 | V21: =COUNT(B27:B29) -> 3 | X21: =IF(D27=0,"",D27) | Y21: =IF(E27=0,"",E27) | Z21: 0101 | AA21: =VLOOKUP($M:$M,Data!$I:$J,2,FALSE) -> #N/A
B22: 105 | D22: ETA | E22: ETD | G22: 116 | I22: ETA | J22: ETD | L22: =COUNTA(B28)+L21 -> 17 | M22: =C28 -> 12205 WILIAM | N22: DNK | O22: 28 | P22: 106 | U22: =B28 -> 2 | X22: =IF(D28=0,"",D28) | Y22: =IF(E28=0,"",E28) | Z22: 0102 | AA22: =VLOOKUP($M:$M,Data!$I:$J,2,FALSE) -> #N/A
B23: 1 | C23: =VLOOKUP("28/105/1",Data!$A$2:$E$1425,3,FALSE) -> 12109 THERRAPHAN | G23: 1 | H23: =VLOOKUP("28/116/1",Data!$A$2:$E$1425,3,FALSE) -> 12204 JOAKIM | L23: =COUNTA(B29)+L22 -> 18 | M23: =C29 -> 0 | N23: DNK | O23: 28 | P23: 106 | U23: =B29 -> 3 | X23: =IF(D29=0,"",D29) | Y23: =IF(E29=0,"",E29) | Z23: 0103 | AA23: =VLOOKUP($M:$M,Data!$I:$J,2,FALSE) -> #N/A
B24: 2 | C24: =VLOOKUP("28/105/2",Data!$A$2:$E$1425,3,FALSE) -> 12110 ALEXANDER | G24: 2 | H24: =VLOOKUP("28/116/2",Data!$A$2:$E$1425,3,FALSE) -> 12207 ELIAS | L24: =COUNTA(B31)+L23 -> 19 | M24: =C31 -> 12210 ALEXANDER | N24: DNK | O24: 28 | P24: 107 | Q24: =_xlfn.IFS(COUNTA(B31:B33)=1,"Single",COUNTA(B31:B33)=2,"Double",COUNTA(B31:B33)=3,"Triple",COUNTA(B31:B33)=0,"Empty") -> Triple | U24: =B31 -> 1 | V24: =COUNT(B31:B33) -> 3 | X24: =IF(D31=0,"",D31) | Y24: =IF(E31=0,"",E31) | Z24: 0104 | AA24: =VLOOKUP($M:$M,Data!$I:$J,2,FALSE) -> #N/A
B25: 3 | C25: =VLOOKUP("28/105/3",Data!$A$2:$E$1425,3,FALSE) -> 0 | H25: =VLOOKUP("28/116/3",Data!$A$2:$E$1425,3,FALSE) -> 0 | L25: =COUNTA(B32)+L24 -> 20 | M25: =C32 -> 12206 ELIAS | N25: DNK | O25: 28 | P25: 107 | U25: =B32 -> 2 | X25: =IF(D32=0,"",D32) | Y25: =IF(E32=0,"",E32) | Z25: 0105 | AA25: =VLOOKUP($M:$M,Data!$I:$J,2,FALSE) -> #N/A
B26: 106 | D26: ETA | E26: ETD | G26: Drying room | L26: =COUNTA(B33)+L25 -> 21 | M26: =C33 -> 0 | N26: DNK | O26: 28 | P26: 107 | U26: =B33 -> 3 | X26: =IF(D33=0,"",D33) | Y26: =IF(E33=0,"",E33) | Z26: 0106 | AA26: =VLOOKUP($M:$M,Data!$I:$J,2,FALSE) -> #N/A
B27: 1 | C27: =VLOOKUP("28/106/1",Data!$A$2:$E$1425,3,FALSE) -> 12203 EMIL | L27: =COUNTA(B35)+L26 -> 22 | M27: =C35 -> 12303 FILIP | N27: DNK | O27: 28 | P27: 108 | Q27: =_xlfn.IFS(COUNTA(B35:B37)=1,"Single",COUNTA(B35:B37)=2,"Double",COUNTA(B35:B37)=3,"Triple",COUNTA(B35:B37)=0,"Empty") -> Double | U27: =B35 -> 1 | V27: =COUNT(B35:B37) -> 2 | X27: =IF(D35=0,"",D35) | Y27: =IF(E35=0,"",E35) | Z27: 0107 | AA27: =VLOOKUP($M:$M,Data!$I:$J,2,FALSE) -> #N/A
B28: 2 | C28: =VLOOKUP("28/106/2",Data!$A$2:$E$1425,3,FALSE) -> 12205 WILIAM | L28: =COUNTA(B36)+L27 -> 23 | M28: =C36 -> 12305 ALGOT | N28: DNK | O28: 28 | P28: 108 | U28: =B36 -> 2 | X28: =IF(D36=0,"",D36) | Y28: =IF(E36=0,"",E36) | Z28: 0108 | AA28: =VLOOKUP($M:$M,Data!$I:$J,2,FALSE) -> #N/A
B29: 3 | C29: =VLOOKUP("28/106/3",Data!$A$2:$E$1425,3,FALSE) -> 0 | L29: =COUNTA(B37)+L28 -> 23 | M29: =C37 -> 0 | N29: DNK | O29: 28 | P29: 108 | U29: =B37 -> 0 | X29: =IF(D37=0,"",D37) | Y29: =IF(E37=0,"",E37) | AA29: =VLOOKUP($M:$M,Data!$I:$J,2,FALSE) -> #N/A
B30: 107 | D30: ETA | E30: ETD | L30: =COUNTA(B39)+L29 -> 24 | M30: =C39 -> 12301 GUNNAR | N30: DNK | O30: 28 | P30: 109 | Q30: =_xlfn.IFS(COUNTA(B39:B41)=1,"Single",COUNTA(B39:B41)=2,"Double",COUNTA(B39:B41)=3,"Triple",COUNTA(B39:B41)=0,"Empty") -> Double | U30: =B39 -> 1 | V30: =COUNT(B39:B41) -> 2 | X30: =IF(D39=0,"",D39) | Y30: =IF(E39=0,"",E39) | Z30: 0109 | AA30: =VLOOKUP($M:$M,Data!$I:$J,2,FALSE) -> #N/A
B31: 1 | C31: =VLOOKUP("28/107/1",Data!$A$2:$E$1425,3,FALSE) -> 12210 ALEXANDER | L31: =COUNTA(B40)+L30 -> 25 | M31: =C40 -> 12302 EMIL | N31: DNK | O31: 28 | P31: 109 | U31: =B40 -> 2 | X31: =IF(D40=0,"",D40) | Y31: =IF(E40=0,"",E40) | Z31: 0110 | AA31: =VLOOKUP($M:$M,Data!$I:$J,2,FALSE) -> #N/A
B32: 2 | C32: =VLOOKUP("28/107/2",Data!$A$2:$E$1425,3,FALSE) -> 12206 ELIAS | L32: =COUNTA(B41)+L31 -> 25 | M32: =C41 -> 0 | N32: DNK | O32: 28 | P32: 109 | U32: =B41 -> 0 | X32: =IF(D41=0,"",D41) | Y32: =IF(E41=0,"",E41) | AA32: =VLOOKUP($M:$M,Data!$I:$J,2,FALSE) -> #N/A
B33: 3 | C33: =VLOOKUP("28/107/3",Data!$A$2:$E$1425,3,FALSE) -> 0 | L33: =COUNTA(B43)+L32 -> 26 | M33: =C43 -> 12304 VIKTOR | N33: DNK | O33: 28 | P33: 110 | Q33: =_xlfn.IFS(COUNTA(B43:B45)=1,"Single",COUNTA(B43:B45)=2,"Double",COUNTA(B43:B45)=3,"Triple",COUNTA(B43:B45)=0,"Empty") -> Triple | U33: =B43 -> 1 | V33: =COUNT(B43:B45) -> 3 | X33: =IF(D43=0,"",D43) | Y33: =IF(E43=0,"",E43) | Z33: 0111 | AA33: =VLOOKUP($M:$M,Data!$I:$J,2,FALSE) -> #N/A
B34: 108 | D34: ETA | E34: ETD | G34: 115 | I34: ETA | J34: ETD | L34: =COUNTA(B44)+L33 -> 27 | M34: =C44 -> 12307 ADAM | N34: DNK | O34: 28 | P34: 110 | U34: =B44 -> 2 | X34: =IF(D44=0,"",D44) | Y34: =IF(E44=0,"",E44) | Z34: 0112 | AA34: =VLOOKUP($M:$M,Data!$I:$J,2,FALSE) -> #N/A
B35: 1 | C35: =VLOOKUP("28/108/1",Data!$A$2:$E$1425,3,FALSE) -> 12303 FILIP | G35: 1 | H35: =VLOOKUP("28/115/1",Data!$A$2:$E$1425,3,FALSE) -> 12208 ZACK | L35: =COUNTA(B45)+L34 -> 28 | M35: =C45 -> 0 | N35: DNK | O35: 28 | P35: 110 | U35: =B45 -> 3 | X35: =IF(D45=0,"",D45) | Y35: =IF(E45=0,"",E45) | Z35: 0113 | AA35: =VLOOKUP($M:$M,Data!$I:$J,2,FALSE) -> #N/A
B36: 2 | C36: =VLOOKUP("28/108/2",Data!$A$2:$E$1425,3,FALSE) -> 12305 ALGOT | G36: 2 | H36: =VLOOKUP("28/115/2",Data!$A$2:$E$1425,3,FALSE) -> 12209 THOMAS | L36: =COUNTA(B47)+L35 -> 29 | M36: =C47 -> 12001 JAKOB | N36: DNK | O36: 28 | P36: 111 | Q36: =_xlfn.IFS(COUNTA(B47:B49)=1,"Single",COUNTA(B47:B49)=2,"Double",COUNTA(B47:B49)=3,"Triple",COUNTA(B47:B49)=0,"Empty") -> Triple | U36: =B47 -> 1 | V36: =COUNT(B47:B49) -> 3 | X36: =IF(D47=0,"",D47) | Y36: =IF(E47=0,"",E47) | Z36: 0114 | AA36: =VLOOKUP($M:$M,Data!$I:$J,2,FALSE) -> #N/A
C37: =VLOOKUP("28/108/3",Data!$A$2:$E$1425,3,FALSE) -> 0 | H37: =VLOOKUP("28/115/3",Data!$A$2:$E$1425,3,FALSE) -> 0 | L37: =COUNTA(B48)+L36 -> 30 | M37: =C48 -> 0 | N37: DNK | O37: 28 | P37: 111 | U37: =B48 -> 2 | X37: =IF(D48=0,"",D48) | Y37: =IF(E48=0,"",E48) | Z37: 0115 | AA37: =VLOOKUP($M:$M,Data!$I:$J,2,FALSE) -> #N/A
B38: 109 | D38: ETA | E38: ETD | G38: 114 | I38: ETA | J38: ETD | L38: =COUNTA(B49)+L37 -> 31 | M38: =C49 -> 0 | N38: DNK | O38: 28 | P38: 111 | U38: =B49 -> 3 | X38: =IF(D49=0,"",D49) | Y38: =IF(E49=0,"",E49) | Z38: 0116 | AA38: =VLOOKUP($M:$M,Data!$I:$J,2,FALSE) -> #N/A
B39: 1 | C39: =VLOOKUP("28/109/1",Data!$A$2:$E$1425,3,FALSE) -> 12301 GUNNAR | G39: 1 | H39: =VLOOKUP("28/114/1",Data!$A$2:$E$1425,3,FALSE) -> 12308 OLIVER | L39: =COUNTA(G47)+L38 -> 32 | M39: =H47 -> 12002 NILS | N39: DNK | O39: 28 | P39: 112 | Q39: =_xlfn.IFS(COUNTA(G47:G49)=1,"Single",COUNTA(G47:G49)=2,"Double",COUNTA(G47:G49)=3,"Triple",COUNTA(G47:G49)=0,"Empty") -> Triple | U39: =G47 -> 1 | V39: =COUNT(G47:G49) -> 3 | X39: =IF(I47=0,"",I47) | Y39: =IF(J47=0,"",J47) | Z39: 0117 | AA39: =VLOOKUP($M:$M,Data!$I:$J,2,FALSE) -> #N/A
B40: 2 | C40: =VLOOKUP("28/109/2",Data!$A$2:$E$1425,3,FALSE) -> 12302 EMIL | G40: 2 | H40: =VLOOKUP("28/114/2",Data!$A$2:$E$1425,3,FALSE) -> #N/A | L40: =COUNTA(G48)+L39 -> 33 | M40: =H48 -> 0 | N40: DNK | O40: 28 | P40: 112 | U40: =G48 -> 2 | X40: =IF(I48=0,"",I48) | Y40: =IF(J48=0,"",J48) | Z40: 0118 | AA40: =VLOOKUP($M:$M,Data!$I:$J,2,FALSE) -> #N/A
C41: =VLOOKUP("28/109/3",Data!$A$2:$E$1425,3,FALSE) -> 0 | H41: =VLOOKUP("28/114/3",Data!$A$2:$E$1425,3,FALSE) -> 12310 Theodore | L41: =COUNTA(G49)+L40 -> 34 | M41: =H49 -> 0 | N41: DNK | O41: 28 | P41: 112 | U41: =G49 -> 3 | X41: =IF(I49=0,"",I49) | Y41: =IF(J49=0,"",J49) | Z41: 0119 | AA41: =VLOOKUP($M:$M,Data!$I:$J,2,FALSE) -> #N/A
B42: 110 | D42: ETA | E42: ETD | G42: 113 | I42: ETA | J42: ETD | L42: =COUNTA(G43)+L41 -> 35 | M42: =H43 -> 12309 MALTE | N42: DNK | O42: 28 | P42: 113 | Q42: =_xlfn.IFS(COUNTA(G43:G45)=1,"Single",COUNTA(G43:G45)=2,"Double",COUNTA(G43:G45)=3,"Triple",COUNTA(G43:G45)=0,"Empty") -> Triple | U42: =G43 -> 1 | V42: =COUNT(G43:G45) -> 3 | X42: =IF(I43=0,"",I43) | Y42: =IF(J43=0,"",J43) | Z42: 0120 | AA42: =VLOOKUP($M:$M,Data!$I:$J,2,FALSE) -> #N/A
B43: 1 | C43: =VLOOKUP("28/110/1",Data!$A$2:$E$1425,3,FALSE) -> 12304 VIKTOR | G43: 1 | H43: =VLOOKUP("28/113/1",Data!$A$2:$E$1425,3,FALSE) -> 12309 MALTE | L43: =COUNTA(G44)+L42 -> 36 | M43: =H44 -> 12306 ADAM | N43: DNK | O43: 28 | P43: 113 | U43: =G44 -> 2 | X43: =IF(I44=0,"",I44) | Y43: =IF(J44=0,"",J44) | Z43: 0121 | AA43: =VLOOKUP($M:$M,Data!$I:$J,2,FALSE) -> #N/A
B44: 2 | C44: =VLOOKUP("28/110/2",Data!$A$2:$E$1425,3,FALSE) -> 12307 ADAM | G44: 2 | H44: =VLOOKUP("28/113/2",Data!$A$2:$E$1425,3,FALSE) -> 12306 ADAM | L44: =COUNTA(G45)+L43 -> 37 | M44: =H45 -> 0 | N44: DNK | O44: 28 | P44: 113 | U44: =G45 -> 3 | X44: =IF(I45=0,"",I45) | Y44: =IF(J45=0,"",J45) | Z44: 0122 | AA44: =VLOOKUP($M:$M,Data!$I:$J,2,FALSE) -> #N/A
B45: 3 | C45: =VLOOKUP("28/110/3",Data!$A$2:$E$1425,3,FALSE) -> 0 | G45: 3 | H45: =VLOOKUP("28/113/3",Data!$A$2:$E$1425,3,FALSE) -> 0 | L45: =COUNTA(G39)+L44 -> 38 | M45: =H39 -> 12308 OLIVER | N45: DNK | O45: 28 | P45: 114 | Q45: =_xlfn.IFS(COUNTA(G39:G41)=1,"Single",COUNTA(G39:G41)=2,"Double",COUNTA(G39:G41)=3,"Triple",COUNTA(G39:G41)=0,"Empty") -> Double | U45: =G39 -> 1 | V45: =COUNT(G39:G41) -> 2 | X45: =IF(I39=0,"",I39) | Y45: =IF(J39=0,"",J39) | Z45: 0123 | AA45: =VLOOKUP($M:$M,Data!$I:$J,2,FALSE) -> #N/A
B46: 111 | D46: ETA | E46: ETD | G46: 112 | I46: ETA | J46: ETD | L46: =COUNTA(G40)+L45 -> 39 | M46: =H40 -> #N/A | N46: DNK | O46: 28 | P46: 114 | U46: =G40 -> 2 | X46: =IF(I40=0,"",I40) | Y46: =IF(J40=0,"",J40) | Z46: 0124 | AA46: =VLOOKUP($M:$M,Data!$I:$J,2,FALSE) -> #N/A
B47: 1 | C47: =VLOOKUP("28/111/1",Data!$A$2:$E$1425,3,FALSE) -> 12001 JAKOB | G47: 1 | H47: =VLOOKUP("28/112/1",Data!$A$2:$E$1425,3,FALSE) -> 12002 NILS | L47: =COUNTA(G41)+L46 -> 39 | M47: =H41 -> 12310 Theodore | N47: DNK | O47: 28 | P47: 114 | U47: =G41 -> 0 | X47: =IF(I41=0,"",I41) | Y47: =IF(J41=0,"",J41) | AA47: =VLOOKUP($M:$M,Data!$I:$J,2,FALSE) -> #N/A
B48: 2 | C48: =VLOOKUP("28/111/2",Data!$A$2:$E$1425,3,FALSE) -> 0 | G48: 2 | H48: =VLOOKUP("28/112/2",Data!$A$2:$E$1425,3,FALSE) -> 0 | L48: =COUNTA(G35)+L47 -> 40 | M48: =H35 -> 12208 ZACK | N48: DNK | O48: 28 | P48: 115 | Q48: =_xlfn.IFS(COUNTA(G35:G37)=1,"Single",COUNTA(G35:G37)=2,"Double",COUNTA(G35:G37)=3,"Triple",COUNTA(G35:G37)=0,"Empty") -> Double | U48: =G35 -> 1 | V48: =COUNT(G35:G37) -> 2 | X48: =IF(I35=0,"",I35) | Y48: =IF(J35=0,"",J35) | Z48: 0125 | AA48: =VLOOKUP($M:$M,Data!$I:$J,2,FALSE) -> #N/A
B49: 3 | C49: =VLOOKUP("28/111/3",Data!$A$2:$E$1425,3,FALSE) -> 0 | G49: 3 | H49: =VLOOKUP("28/112/3",Data!$A$2:$E$1425,3,FALSE) -> 0 | L49: =COUNTA(G36)+L48 -> 41 | M49: =H36 -> 12209 THOMAS | N49: DNK | O49: 28 | P49: 115 | U49: =G36 -> 2 | X49: =IF(I36=0,"",I36) | Y49: =IF(J36=0,"",J36) | Z49: 0126 | AA49: =VLOOKUP($M:$M,Data!$I:$J,2,FALSE) -> #N/A
L50: =COUNTA(G37)+L49 -> 41 | M50: =H37 -> 0 | N50: DNK | O50: 28 | P50: 115 | U50: =G37 -> 0 | X50: =IF(I37=0,"",I37) | Y50: =IF(J37=0,"",J37) | AA50: =VLOOKUP($M:$M,Data!$I:$J,2,FALSE) -> #N/A
C51: Building 28 - 2nd floor | L51: =COUNTA(G23)+L50 -> 42 | M51: =H23 -> 12204 JOAKIM | N51: DNK | O51: 28 | P51: 116 | Q51: =_xlfn.IFS(COUNTA(G23:G25)=1,"Single",COUNTA(G23:G25)=2,"Double",COUNTA(G23:G25)=3,"Triple",COUNTA(G23:G25)=0,"Empty") -> Double | U51: =G23 -> 1 | V51: =COUNT(G23:G25) -> 2 | X51: =IF(I23=0,"",I23) | Y51: =IF(J23=0,"",J23) | Z51: 0127 | AA51: =VLOOKUP($M:$M,Data!$I:$J,2,FALSE) -> #N/A
B52: Rooms | G52: Rooms | L52: =COUNTA(G24)+L51 -> 43 | M52: =H24 -> 12207 ELIAS | N52: DNK | O52: 28 | P52: 116 | U52: =G24 -> 2 | X52: =IF(I24=0,"",I24) | Y52: =IF(J24=0,"",J24) | Z52: 0128 | AA52: =VLOOKUP($M:$M,Data!$I:$J,2,FALSE) -> #N/A
B53: 201 | D53: ETA | E53: ETD | G53: 220 | I53: ETA | J53: ETD | L53: =COUNTA(G25)+L52 -> 43 | M53: =H25 -> 0 | N53: DNK | O53: 28 | P53: 116 | U53: =G25 -> 0 | X53: =IF(I25=0,"",I25) | Y53: =IF(J25=0,"",J25) | AA53: =VLOOKUP($M:$M,Data!$I:$J,2,FALSE) -> #N/A
B54: 1 | C54: =VLOOKUP("28/201/1",Data!$A$2:$E$1425,3,FALSE) -> 10048 JONAS | G54: 1 | H54: =VLOOKUP("28/220/1",Data!$A$2:$E$1425,3,FALSE) -> 10041 JOHANNES | L54: =COUNTA(G19)+L53 -> 44 | M54: =H19 -> 12111 OSCAR | N54: DNK | O54: 28 | P54: 117 | Q54: =_xlfn.IFS(COUNTA(G19:G21)=1,"Single",COUNTA(G19:G21)=2,"Double",COUNTA(G19:G21)=3,"Triple",COUNTA(G19:G21)=0,"Empty") -> Double | U54: =G19 -> 1 | V54: =COUNT(G19:G21) -> 2 | X54: =IF(I19=0,"",I19) | Y54: =IF(J19=0,"",J19) | Z54: 0129 | AA54: =VLOOKUP($M:$M,Data!$I:$J,2,FALSE) -> #N/A
B55: 2 | C55: =VLOOKUP("28/201/2",Data!$A$2:$E$1425,3,FALSE) -> 0 | G55: 2 | H55: =VLOOKUP("28/220/2",Data!$A$2:$E$1425,3,FALSE) -> 0 | L55: =COUNTA(G20)+L54 -> 45 | M55: =H20 -> 12106 OTTO | N55: DNK | O55: 28 | P55: 117 | U55: =G20 -> 2 | X55: =IF(I20=0,"",I20) | Y55: =IF(J20=0,"",J20) | Z55: 0130 | AA55: =VLOOKUP($M:$M,Data!$I:$J,2,FALSE) -> #N/A
B56: 3 | C56: =VLOOKUP("28/201/3",Data!$A$2:$E$1425,3,FALSE) -> 0 | H56: =VLOOKUP("28/220/3",Data!$A$2:$E$1425,3,FALSE) -> 0 | L56: =COUNTA(G21)+L55 -> 45 | M56: =H21 -> 0 | N56: DNK | O56: 28 | P56: 117 | U56: =G21 -> 0 | X56: =IF(I21=0,"",I21) | Y56: =IF(J21=0,"",J21) | AA56: =VLOOKUP($M:$M,Data!$I:$J,2,FALSE) -> #N/A
B57: 202 | D57: ETA | E57: ETD | G57: 219 | I57: ETA | J57: ETD | L57: =COUNTA(G15)+L56 -> 46 | M57: =H15 -> 12103 FREDRIK | N57: DNK | O57: 28 | P57: 118 | Q57: =_xlfn.IFS(COUNTA(G15:G17)=1,"Single",COUNTA(G15:G17)=2,"Double",COUNTA(G15:G17)=3,"Triple",COUNTA(G15:G17)=0,"Empty") -> Triple | U57: =G15 -> 1 | V57: =COUNT(G15:G17) -> 3 | X57: =IF(I15=0,"",I15) | Y57: =IF(J15=0,"",J15) | Z57: 0131 | AA57: =VLOOKUP($M:$M,Data!$I:$J,2,FALSE) -> #N/A
B58: 1 | C58: =VLOOKUP("28/202/1",Data!$A$2:$E$1425,3,FALSE) -> 13101 HUGO | G58: 1 | H58: =VLOOKUP("28/219/1",Data!$A$2:$E$1425,3,FALSE) -> 13104 MINA | L58: =COUNTA(G16)+L57 -> 47 | M58: =H16 -> 0 | N58: DNK | O58: 28 | P58: 118 | U58: =G16 -> 2 | X58: =IF(I16=0,"",I16) | Y58: =IF(J16=0,"",J16) | Z58: 0132 | AA58: =VLOOKUP($M:$M,Data!$I:$J,2,FALSE) -> #N/A
B59: 2 | C59: =VLOOKUP("28/202/2",Data!$A$2:$E$1425,3,FALSE) -> 13102 OLIVER | G59: 2 | H59: =VLOOKUP("28/219/2",Data!$A$2:$E$1425,3,FALSE) -> 13206 MOA | L59: =COUNTA(G17)+L58 -> 48 | M59: =H17 -> 0 | N59: DNK | O59: 28 | P59: 118 | U59: =G17 -> 3 | X59: =IF(I17=0,"",I17) | Y59: =IF(J17=0,"",J17) | Z59: 0133 | AA59: =VLOOKUP($M:$M,Data!$I:$J,2,FALSE) -> #N/A
B60: 3 | C60: =VLOOKUP("28/202/3",Data!$A$2:$E$1425,3,FALSE) -> 0 | H60: =VLOOKUP("28/219/3",Data!$A$2:$E$1425,3,FALSE) -> 0 | L60: =COUNTA(G11)+L59 -> 49 | M60: =H11 -> 12104 ALBIN | N60: DNK | O60: 28 | P60: 119 | Q60: =_xlfn.IFS(COUNTA(G11:G13)=1,"Single",COUNTA(G11:G13)=2,"Double",COUNTA(G11:G13)=3,"Triple",COUNTA(G11:G13)=0,"Empty") -> Triple | U60: =G11 -> 1 | V60: =COUNT(G11:G13) -> 3 | X60: =IF(I11=0,"",I11) | Y60: =IF(J11=0,"",J11) | Z60: 0134 | AA60: =VLOOKUP($M:$M,Data!$I:$J,2,FALSE) -> #N/A
B61: 203 | D61: ETA | E61: ETD | G61: 218 | I61: ETA | J61: ETD | L61: =COUNTA(G12)+L60 -> 50 | M61: =H12 -> 12105 MAX | N61: DNK | O61: 28 | P61: 119 | U61: =G12 -> 2 | X61: =IF(I12=0,"",I12) | Y61: =IF(J12=0,"",J12) | Z61: 0135 | AA61: =VLOOKUP($M:$M,Data!$I:$J,2,FALSE) -> #N/A
B62: 1 | C62: =VLOOKUP("28/203/1",Data!$A$2:$E$1425,3,FALSE) -> 13210 LINUS | G62: 1 | H62: =VLOOKUP("28/218/1",Data!$A$2:$E$1425,3,FALSE) -> 13107 VALDEMAR | L62: =COUNTA(G13)+L61 -> 51 | M62: =H13 -> 0 | N62: DNK | O62: 28 | P62: 119 | U62: =G13 -> 3 | X62: =IF(I13=0,"",I13) | Y62: =IF(J13=0,"",J13) | Z62: 0848 | AA62: =VLOOKUP($M:$M,Data!$I:$J,2,FALSE) -> #N/A
B63: 2 | C63: =VLOOKUP("28/203/2",Data!$A$2:$E$1425,3,FALSE) -> 13105 OSCAR | G63: 2 | H63: =VLOOKUP("28/218/2",Data!$A$2:$E$1425,3,FALSE) -> 13106 LOWE | L63: =COUNTA(G7)+L62 -> 52 | M63: =H7 -> 10003 JEFF | N63: DNK | O63: 28 | P63: 120 | Q63: =_xlfn.IFS(COUNTA(G7:G9)=1,"Single",COUNTA(G7:G9)=2,"Double",COUNTA(G7:G9)=3,"Triple",COUNTA(G7:G9)=0,"Empty") -> Triple | U63: =G7 -> 1 | V63: =COUNT(G7:G9) -> 3 | X63: =IF(I7=0,"",I7) | Y63: =IF(J7=0,"",J7) | Z63: 0137 | AA63: =VLOOKUP($M:$M,Data!$I:$J,2,FALSE) -> #N/A
B64: 3 | C64: =VLOOKUP("28/203/3",Data!$A$2:$E$1425,3,FALSE) -> 0 | G64: 3 | H64: =VLOOKUP("28/218/3",Data!$A$2:$E$1425,3,FALSE) -> 0 | L64: =COUNTA(G8)+L63 -> 53 | M64: =H8 -> 0 | N64: DNK | O64: 28 | P64: 120 | U64: =G8 -> 2 | X64: =IF(I8=0,"",I8) | Y64: =IF(J8=0,"",J8) | Z64: 0138 | AA64: =VLOOKUP($M:$M,Data!$I:$J,2,FALSE) -> #N/A
B65: 204 | D65: ETA | E65: ETD | G65: 217 | I65: ETA | J65: ETD | L65: =COUNTA(G9)+L64 -> 54 | M65: =H9 -> 0 | N65: DNK | O65: 28 | P65: 120 | U65: =G9 -> 3 | X65: =IF(I9=0,"",I9) | Y65: =IF(J9=0,"",J9) | Z65: 0139 | AA65: =VLOOKUP($M:$M,Data!$I:$J,2,FALSE) -> #N/A
B66: 1 | C66: =VLOOKUP("28/204/1",Data!$A$2:$E$1425,3,FALSE) -> 13108 TRULS | G66: 1 | H66: =VLOOKUP("28/217/1",Data!$A$2:$E$1425,3,FALSE) -> 13110 DEAN | L66: =COUNTA(B54)+L65 -> 55 | M66: =C54 -> 10048 JONAS | N66: DNK | O66: 28 | P66: 201 | Q66: =_xlfn.IFS(COUNTA(B54:B56)=1,"Single",COUNTA(B54:B56)=2,"Double",COUNTA(B54:B56)=3,"Triple",COUNTA(B54:B56)=0,"Empty") -> Triple | U66: =B54 -> 1 | V66: =COUNT(B54:B56) -> 3 | X66: =IF(D54=0,"",D54) | Y66: =IF(E54=0,"",E54) | Z66: 0140 | AA66: =VLOOKUP($M:$M,Data!$I:$J,2,FALSE) -> #N/A
B67: 2 | C67: =VLOOKUP("28/204/2",Data!$A$2:$E$1425,3,FALSE) -> 13109 ALEXANDER | G67: 2 | H67: =VLOOKUP("28/217/2",Data!$A$2:$E$1425,3,FALSE) -> 13111 ROY | L67: =COUNTA(B55)+L66 -> 56 | M67: =C55 -> 0 | N67: DNK | O67: 28 | P67: 201 | U67: =B55 -> 2 | X67: =IF(D55=0,"",D55) | Y67: =IF(E55=0,"",E55) | Z67: 0141 | AA67: =VLOOKUP($M:$M,Data!$I:$J,2,FALSE) -> #N/A
B68: 3 | C68: =VLOOKUP("28/204/3",Data!$A$2:$E$1425,3,FALSE) -> 0 | G68: 3 | H68: =VLOOKUP("28/217/3",Data!$A$2:$E$1425,3,FALSE) -> 0 | L68: =COUNTA(B56)+L67 -> 57 | M68: =C56 -> 0 | N68: DNK | O68: 28 | P68: 201 | U68: =B56 -> 3 | X68: =IF(D56=0,"",D56) | Y68: =IF(E56=0,"",E56) | Z68: 0142 | AA68: =VLOOKUP($M:$M,Data!$I:$J,2,FALSE) -> #N/A
B69: 205 | D69: ETA | E69: ETD | G69: 216 | I69: ETA | J69: ETD | L69: =COUNTA(B58)+L68 -> 58 | M69: =C58 -> 13101 HUGO | N69: DNK | O69: 28 | P69: 202 | Q69: =_xlfn.IFS(COUNTA(B58:B60)=1,"Single",COUNTA(B58:B60)=2,"Double",COUNTA(B58:B60)=3,"Triple",COUNTA(B58:B60)=0,"Empty") -> Triple | U69: =B58 -> 1 | V69: =COUNT(B58:B60) -> 3 | X69: =IF(D58=0,"",D58) | Y69: =IF(E58=0,"",E58) | Z69: 0143 | AA69: =VLOOKUP($M:$M,Data!$I:$J,2,FALSE) -> #N/A
B70: 1 | C70: =VLOOKUP("28/205/1",Data!$A$2:$E$1425,3,FALSE) -> 13204 VICTOR | G70: 1 | H70: =VLOOKUP("28/216/1",Data!$A$2:$E$1425,3,FALSE) -> 13201 GUSTAV | L70: =COUNTA(B59)+L69 -> 59 | M70: =C59 -> 13102 OLIVER | N70: DNK | O70: 28 | P70: 202 | U70: =B59 -> 2 | X70: =IF(D59=0,"",D59) | Y70: =IF(E59=0,"",E59) | Z70: 0144 | AA70: =VLOOKUP($M:$M,Data!$I:$J,2,FALSE) -> #N/A
B71: 2 | C71: =VLOOKUP("28/205/2",Data!$A$2:$E$1425,3,FALSE) -> 13207 ANTE | G71: 2 | H71: =VLOOKUP("28/216/2",Data!$A$2:$E$1425,3,FALSE) -> 13202 CHRISTOPHER | L71: =COUNTA(B60)+L70 -> 60 | M71: =C60 -> 0 | N71: DNK | O71: 28 | P71: 202 | U71: =B60 -> 3 | X71: =IF(D60=0,"",D60) | Y71: =IF(E60=0,"",E60) | Z71: 0145 | AA71: =VLOOKUP($M:$M,Data!$I:$J,2,FALSE) -> #N/A
C72: =VLOOKUP("28/205/3",Data!$A$2:$E$1425,3,FALSE) -> 0 | G72: 3 | H72: =VLOOKUP("28/216/3",Data!$A$2:$E$1425,3,FALSE) -> 0 | L72: =COUNTA(B62)+L71 -> 61 | M72: =C62 -> 13210 LINUS | N72: DNK | O72: 28 | P72: 203 | Q72: =_xlfn.IFS(COUNTA(B62:B64)=1,"Single",COUNTA(B62:B64)=2,"Double",COUNTA(B62:B64)=3,"Triple",COUNTA(B62:B64)=0,"Empty") -> Triple | U72: =B62 -> 1 | V72: =COUNT(B62:B64) -> 3 | X72: =IF(D62=0,"",D62) | Y72: =IF(E62=0,"",E62) | Z72: 0146 | AA72: =VLOOKUP($M:$M,Data!$I:$J,2,FALSE) -> #N/A
B73: 206 | D73: ETA | E73: ETD | G73: Drying room | L73: =COUNTA(B63)+L72 -> 62 | M73: =C63 -> 13105 OSCAR | N73: DNK | O73: 28 | P73: 203 | U73: =B63 -> 2 | X73: =IF(D63=0,"",D63) | Y73: =IF(E63=0,"",E63) | Z73: 0147 | AA73: =VLOOKUP($M:$M,Data!$I:$J,2,FALSE) -> #N/A
B74: 1 | C74: =VLOOKUP("28/206/1",Data!$A$2:$E$1425,3,FALSE) -> 13208 CORNELIUS | L74: =COUNTA(B64)+L73 -> 63 | M74: =C64 -> 0 | N74: DNK | O74: 28 | P74: 203 | U74: =B64 -> 3 | X74: =IF(D64=0,"",D64) | Y74: =IF(E64=0,"",E64) | Z74: 0148 | AA74: =VLOOKUP($M:$M,Data!$I:$J,2,FALSE) -> #N/A
B75: 2 | C75: =VLOOKUP("28/206/2",Data!$A$2:$E$1425,3,FALSE) -> 13209 KIM | L75: =COUNTA(B66)+L74 -> 64 | M75: =C66 -> 13108 TRULS | N75: DNK | O75: 28 | P75: 204 | Q75: =_xlfn.IFS(COUNTA(B66:B68)=1,"Single",COUNTA(B66:B68)=2,"Double",COUNTA(B66:B68)=3,"Triple",COUNTA(B66:B68)=0,"Empty") -> Triple | U75: =B66 -> 1 | V75: =COUNT(B66:B68) -> 3 | X75: =IF(D66=0,"",D66) | Y75: =IF(E66=0,"",E66) | Z75: 0149 | AA75: =VLOOKUP($M:$M,Data!$I:$J,2,FALSE) -> #N/A
B76: 3 | C76: =VLOOKUP("28/206/3",Data!$A$2:$E$1425,3,FALSE) -> 0 | L76: =COUNTA(B67)+L75 -> 65 | M76: =C67 -> 13109 ALEXANDER | N76: DNK | O76: 28 | P76: 204 | U76: =B67 -> 2 | X76: =IF(D67=0,"",D67) | Y76: =IF(E67=0,"",E67) | Z76: 0150 | AA76: =VLOOKUP($M:$M,Data!$I:$J,2,FALSE) -> #N/A
B77: 207 | D77: ETA | E77: ETD | L77: =COUNTA(B68)+L76 -> 66 | M77: =C68 -> 0 | N77: DNK | O77: 28 | P77: 204 | U77: =B68 -> 3 | X77: =IF(D68=0,"",D68) | Y77: =IF(E68=0,"",E68) | Z77: 0151 | AA77: =VLOOKUP($M:$M,Data!$I:$J,2,FALSE) -> #N/A
B78: 1 | C78: =VLOOKUP("28/207/1",Data!$A$2:$E$1425,3,FALSE) -> 13103 ERIK | L78: =COUNTA(B70)+L77 -> 67 | M78: =C70 -> 13204 VICTOR | N78: DNK | O78: 28 | P78: 205 | Q78: =_xlfn.IFS(COUNTA(B70:B72)=1,"Single",COUNTA(B70:B72)=2,"Double",COUNTA(B70:B72)=3,"Triple",COUNTA(B70:B72)=0,"Empty") -> Double | U78: =B70 -> 1 | V78: =COUNT(B70:B72) -> 2 | X78: =IF(D70=0,"",D70) | Y78: =IF(E70=0,"",E70) | Z78: 0152 | AA78: =VLOOKUP($M:$M,Data!$I:$J,2,FALSE) -> #N/A
B79: 2 | C79: =VLOOKUP("28/207/2",Data!$A$2:$E$1425,3,FALSE) -> 0 | L79: =COUNTA(B71)+L78 -> 68 | M79: =C71 -> 13207 ANTE | N79: DNK | O79: 28 | P79: 205 | U79: =B71 -> 2 | X79: =IF(D71=0,"",D71) | Y79: =IF(E71=0,"",E71) | Z79: 0153 | AA79: =VLOOKUP($M:$M,Data!$I:$J,2,FALSE) -> #N/A
C80: =VLOOKUP("28/207/3",Data!$A$2:$E$1425,3,FALSE) -> 0 | L80: =COUNTA(B72)+L79 -> 68 | M80: =C72 -> 0 | N80: DNK | O80: 28 | P80: 205 | U80: =B72 -> 0 | X80: =IF(D72=0,"",D72) | Y80: =IF(E72=0,"",E72) | AA80: =VLOOKUP($M:$M,Data!$I:$J,2,FALSE) -> #N/A
B81: 208 | D81: ETA | E81: ETD | G81: 215 | I81: ETA | J81: ETD | L81: =COUNTA(B74)+L80 -> 69 | M81: =C74 -> 13208 CORNELIUS | N81: DNK | O81: 28 | P81: 206 | Q81: =_xlfn.IFS(COUNTA(B74:B76)=1,"Single",COUNTA(B74:B76)=2,"Double",COUNTA(B74:B76)=3,"Triple",COUNTA(B74:B76)=0,"Empty") -> Triple | U81: =B74 -> 1 | V81: =COUNT(B74:B76) -> 3 | X81: =IF(D74=0,"",D74) | Y81: =IF(E74=0,"",E74) | Z81: 0154 | AA81: =VLOOKUP($M:$M,Data!$I:$J,2,FALSE) -> #N/A
B82: 1 | C82: =VLOOKUP("28/208/1",Data!$A$2:$E$1425,3,FALSE) -> 13301 ELIAS | G82: 1 | H82: =VLOOKUP("28/215/1",Data!$A$2:$E$1425,3,FALSE) -> 13203 BSHAR | L82: =COUNTA(B75)+L81 -> 70 | M82: =C75 -> 13209 KIM | N82: DNK | O82: 28 | P82: 206 | U82: =B75 -> 2 | X82: =IF(D75=0,"",D75) | Y82: =IF(E75=0,"",E75) | Z82: 0155 | AA82: =VLOOKUP($M:$M,Data!$I:$J,2,FALSE) -> #N/A
B83: 2 | C83: =VLOOKUP("28/208/2",Data!$A$2:$E$1425,3,FALSE) -> 13302 JESPER | G83: 2 | H83: =VLOOKUP("28/215/2",Data!$A$2:$E$1425,3,FALSE) -> 13205 DENNIS | L83: =COUNTA(B76)+L82 -> 71 | M83: =C76 -> 0 | N83: DNK | O83: 28 | P83: 206 | U83: =B76 -> 3 | X83: =IF(D76=0,"",D76) | Y83: =IF(E76=0,"",E76) | AA83: =VLOOKUP($M:$M,Data!$I:$J,2,FALSE) -> #N/A
B84: 3 | C84: =VLOOKUP("28/208/3",Data!$A$2:$E$1425,3,FALSE) -> 0 | G84: 3 | H84: =VLOOKUP("28/215/3",Data!$A$2:$E$1425,3,FALSE) -> 0 | L84: =COUNTA(B78)+L83 -> 72 | M84: =C78 -> 13103 ERIK | N84: DNK | O84: 28 | P84: 207 | Q84: =_xlfn.IFS(COUNTA(B78:B80)=1,"Single",COUNTA(B78:B80)=2,"Double",COUNTA(B78:B80)=3,"Triple",COUNTA(B78:B80)=0,"Empty") -> Double | U84: =B78 -> 1 | V84: =COUNT(B78:B80) -> 2 | X84: =IF(D78=0,"",D78) | Y84: =IF(E78=0,"",E78) | Z84: 0156 | AA84: =VLOOKUP($M:$M,Data!$I:$J,2,FALSE) -> #N/A
B85: 209 | D85: ETA | E85: ETD | G85: 214 | I85: ETA | J85: ETD | L85: =COUNTA(B79)+L84 -> 73 | M85: =C79 -> 0 | N85: DNK | O85: 28 | P85: 207 | U85: =B79 -> 2 | X85: =IF(D79=0,"",D79) | Y85: =IF(E79=0,"",E79) | Z85: 0157 | AA85: =VLOOKUP($M:$M,Data!$I:$J,2,FALSE) -> #N/A
B86: 1 | C86: =VLOOKUP("28/209/1",Data!$A$2:$E$1425,3,FALSE) -> 13304 SIMON | G86: 1 | H86: =VLOOKUP("28/214/1",Data!$A$2:$E$1425,3,FALSE) -> 13303 TAGE | L86: =COUNTA(B80)+L85 -> 73 | M86: =C80 -> 0 | N86: DNK | O86: 28 | P86: 207 | U86: =B80 -> 0 | X86: =IF(D80=0,"",D80) | Y86: =IF(E80=0,"",E80) | AA86: =VLOOKUP($M:$M,Data!$I:$J,2,FALSE) -> #N/A
C87: =VLOOKUP("28/209/2",Data!$A$2:$E$1425,3,FALSE) -> 13307 JEPPE | G87: 2 | H87: =VLOOKUP("28/214/2",Data!$A$2:$E$1425,3,FALSE) -> 13305 LINUS | L87: =COUNTA(B82)+L86 -> 74 | M87: =C82 -> 13301 ELIAS | N87: DNK | O87: 28 | P87: 208 | Q87: =_xlfn.IFS(COUNTA(B82:B84)=1,"Single",COUNTA(B82:B84)=2,"Double",COUNTA(B82:B84)=3,"Triple",COUNTA(B82:B84)=0,"Empty") -> Triple | U87: =B82 -> 1 | V87: =COUNT(B82:B84) -> 3 | X87: =IF(D82=0,"",D82) | Y87: =IF(E82=0,"",E82) | Z87: 0158 | AA87: =VLOOKUP($M:$M,Data!$I:$J,2,FALSE) -> #N/A
B88: 3 | C88: =VLOOKUP("28/209/3",Data!$A$2:$E$1425,3,FALSE) -> 0 | G88: 3 | H88: =VLOOKUP("28/214/3",Data!$A$2:$E$1425,3,FALSE) -> 0 | L88: =COUNTA(B83)+L87 -> 75 | M88: =C83 -> 13302 JESPER | N88: DNK | O88: 28 | P88: 208 | U88: =B83 -> 2 | X88: =IF(D83=0,"",D83) | Y88: =IF(E83=0,"",E83) | Z88: 0159 | AA88: =VLOOKUP($M:$M,Data!$I:$J,2,FALSE) -> #N/A
B89: 210 | D89: ETA | E89: ETD | G89: 213 | I89: ETA | J89: ETD | L89: =COUNTA(B84)+L88 -> 76 | M89: =C84 -> 0 | N89: DNK | O89: 28 | P89: 208 | U89: =B84 -> 3 | X89: =IF(D84=0,"",D84) | Y89: =IF(E84=0,"",E84) | Z89: 0160 | AA89: =VLOOKUP($M:$M,Data!$I:$J,2,FALSE) -> #N/A
B90: 1 | C90: =VLOOKUP("28/210/1",Data!$A$2:$E$1425,3,FALSE) -> 13310 JOSHUA | G90: 1 | H90: =VLOOKUP("28/213/1",Data!$A$2:$E$1425,3,FALSE) -> 13308 TEO | L90: =COUNTA(B86)+L89 -> 77 | M90: =C86 -> 13304 SIMON | N90: DNK | O90: 28 | P90: 209 | Q90: =_xlfn.IFS(COUNTA(B86:B88)=1,"Single",COUNTA(B86:B88)=2,"Double",COUNTA(B86:B88)=3,"Triple",COUNTA(B86:B88)=0,"Empty") -> Double | U90: =B86 -> 1 | V90: =COUNT(B86:B88) -> 2 | X90: =IF(D86=0,"",D86) | Y90: =IF(E86=0,"",E86) | Z90: 0869 | AA90: =VLOOKUP($M:$M,Data!$I:$J,2,FALSE) -> #N/A
B91: 2 | C91: =VLOOKUP("28/210/2",Data!$A$2:$E$1425,3,FALSE) -> 13306 OLLE | G91: 2 | H91: =VLOOKUP("28/213/2",Data!$A$2:$E$1425,3,FALSE) -> 13309 ALMIR | L91: =COUNTA(B87)+L90 -> 77 | M91: =C87 -> 13307 JEPPE | N91: DNK | O91: 28 | P91: 209 | U91: =B87 -> 0 | X91: =IF(D87=0,"",D87) | Y91: =IF(E87=0,"",E87) | AA91: =VLOOKUP($M:$M,Data!$I:$J,2,FALSE) -> #N/A
C92: =VLOOKUP("28/210/3",Data!$A$2:$E$1425,3,FALSE) -> 0 | G92: 3 | H92: =VLOOKUP("28/213/3",Data!$A$2:$E$1425,3,FALSE) -> 0 | L92: =COUNTA(B88)+L91 -> 78 | M92: =C88 -> 0 | N92: DNK | O92: 28 | P92: 209 | U92: =B88 -> 3 | X92: =IF(D88=0,"",D88) | Y92: =IF(E88=0,"",E88) | Z92: 0870 | AA92: =VLOOKUP($M:$M,Data!$I:$J,2,FALSE) -> #N/A
B93: 211 | D93: ETA | E93: ETD | G93: 212 | I93: ETA | J93: ETD | L93: =COUNTA(B90)+L92 -> 79 | M93: =C90 -> 13310 JOSHUA | N93: DNK | O93: 28 | P93: 210 | Q93: =_xlfn.IFS(COUNTA(B90:B92)=1,"Single",COUNTA(B90:B92)=2,"Double",COUNTA(B90:B92)=3,"Triple",COUNTA(B90:B92)=0,"Empty") -> Double | U93: =B90 -> 1 | V93: =COUNT(B90:B92) -> 2 | X93: =IF(D90=0,"",D90) | Y93: =IF(E90=0,"",E90) | Z93: 0163 | AA93: =VLOOKUP($M:$M,Data!$I:$J,2,FALSE) -> #N/A
B94: 1 | C94: =VLOOKUP("28/211/1",Data!$A$2:$E$1425,3,FALSE) -> 13001 ERIK | G94: 1 | H94: =VLOOKUP("28/212/1",Data!$A$2:$E$1425,3,FALSE) -> 13002 PAR | L94: =COUNTA(B91)+L93 -> 80 | M94: =C91 -> 13306 OLLE | N94: DNK | O94: 28 | P94: 210 | U94: =B91 -> 2 | X94: =IF(D91=0,"",D91) | Y94: =IF(E91=0,"",E91) | Z94: 0164 | AA94: =VLOOKUP($M:$M,Data!$I:$J,2,FALSE) -> #N/A
B95: 2 | C95: =VLOOKUP("28/211/2",Data!$A$2:$E$1425,3,FALSE) -> 0 | G95: 2 | H95: =VLOOKUP("28/212/2",Data!$A$2:$E$1425,3,FALSE) -> 0 | L95: =COUNTA(B92)+L94 -> 80 | M95: =C92 -> 0 | N95: DNK | O95: 28 | P95: 210 | U95: =B92 -> 0 | X95: =IF(D92=0,"",D92) | Y95: =IF(E92=0,"",E92) | AA95: =VLOOKUP($M:$M,Data!$I:$J,2,FALSE) -> #N/A
B96: 3 | C96: =VLOOKUP("28/211/3",Data!$A$2:$E$1425,3,FALSE) -> 0 | H96: =VLOOKUP("28/212/3",Data!$A$2:$E$1425,3,FALSE) -> 0 | L96: =COUNTA(B94)+L95 -> 81 | M96: =C94 -> 13001 ERIK | N96: DNK | O96: 28 | P96: 211 | Q96: =_xlfn.IFS(COUNTA(B94:B96)=1,"Single",COUNTA(B94:B96)=2,"Double",COUNTA(B94:B96)=3,"Triple",COUNTA(B94:B96)=0,"Empty") -> Triple | U96: =B94 -> 1 | V96: =COUNT(B94:B96) -> 3 | X96: =IF(D94=0,"",D94) | Y96: =IF(E94=0,"",E94) | Z96: 0165 | AA96: =VLOOKUP($M:$M,Data!$I:$J,2,FALSE) -> #N/A
L97: =COUNTA(B95)+L96 -> 82 | M97: =C95 -> 0 | N97: DNK | O97: 28 | P97: 211 | U97: =B95 -> 2 | X97: =IF(D95=0,"",D95) | Y97: =IF(E95=0,"",E95) | Z97: 0166 | AA97: =VLOOKUP($M:$M,Data!$I:$J,2,FALSE) -> #N/A
L98: =COUNTA(B96)+L97 -> 83 | M98: =C96 -> 0 | N98: DNK | O98: 28 | P98: 211 | U98: =B96 -> 3 | X98: =IF(D96=0,"",D96) | Y98: =IF(E96=0,"",E96) | Z98: 0167 | AA98: =VLOOKUP($M:$M,Data!$I:$J,2,FALSE) -> #N/A
L99: =COUNTA(G94)+L98 -> 84 | M99: =H94 -> 13002 PAR | N99: DNK | O99: 28 | P99: 212 | Q99: =_xlfn.IFS(COUNTA(G94:G96)=1,"Single",COUNTA(G94:G96)=2,"Double",COUNTA(G94:G96)=3,"Triple",COUNTA(G94:G96)=0,"Empty") -> Double | U99: =G94 -> 1 | V99: =COUNT(G94:G96) -> 2 | X99: =IF(I94=0,"",I94) | Y99: =IF(J94=0,"",J94) | Z99: 0872 | AA99: =VLOOKUP($M:$M,Data!$I:$J,2,FALSE) -> #N/A | AB99: MC 0168 lost - replaced with 0872
L100: =COUNTA(G95)+L99 -> 85 | M100: =H95 -> 0 | N100: DNK | O100: 28 | P100: 212 | U100: =G95 -> 2 | X100: =IF(I95=0,"",I95) | Y100: =IF(J95=0,"",J95) | Z100: 0169 | AA100: =VLOOKUP($M:$M,Data!$I:$J,2,FALSE) -> #N/A
L101: =COUNTA(G96)+L100 -> 85 | M101: =H96 -> 0 | N101: DNK | O101: 28 | P101: 212 | U101: =G96 -> 0 | X101: =IF(I96=0,"",I96) | Y101: =IF(J96=0,"",J96) | AA101: =VLOOKUP($M:$M,Data!$I:$J,2,FALSE) -> #N/A
...

Sheet 29
L2: # | M2: NAME, ID | N2: Nation | O2: Building | P2: ROOM | U2: Placed Beds | X2: Date | AB2: Remarks
C3: Password: 12 | P3: Used | Q3: Single | R3: Double | S3: Triple | T3: Empty | U3: 1 | V3: 2 | W3: 3 | X3: ETA | Y3: ETD | Z3: MC | AA3: L. Bag
C4: Building 29 - 1st floor | M4: =Q4+R4*2+S4*3 -> 104 | P4: =SUM(Q4:S4) -> 39 | Q4: =COUNTIFS(Q6:T125,"=Single") -> 1 | R4: =COUNTIFS(Q6:T125,"=Double") -> 11 | S4: =COUNTIFS(Q6:T125,"=Triple") -> 27 | T4: =COUNTIFS(Q6:T125,"=Empty") -> 1 | U4: =COUNTIFS(V6:W125,"=1") -> 1 | V4: =COUNTIFS(V6:W125,"=2") -> 11 | W4: =COUNTIFS(V6:W125,"=3") -> 27 | Z4: =COUNTA(Z6:Z130) -> 104 | AA4: =COUNTA(AA6:AA130)-SUM(COUNTIF(AA6:AA130,{"#N/A"})) -> 0
B5: Rooms | G5: Rooms | U5: =SUM(V6:W125) -> 104 | V5: b/r | W5: =U4+V4+W4 -> 39
B6: 101 | D6: ETA | E6: ETD | G6: 120 | I6: ETA | J6: ETD | L6: =COUNTA(B7) -> 1 | M6: =C7 -> 20001 Dan | N6: DNK | O6: 29 | P6: 101 | Q6: =_xlfn.IFS(COUNTA(B7:B9)=1,"Single",COUNTA(B7:B9)=2,"Double",COUNTA(B7:B9)=3,"Triple",COUNTA(B7:B9)=0,"Empty") -> Double | U6: =B7 -> 1 | V6: =COUNT(B7:B9) -> 2 | X6: =IF(D7=0,"",D7) | Y6: =IF(E7=0,"",E7) | Z6: 0192 | AA6: =VLOOKUP($M:$M,Data!$I:$J,2,FALSE) -> #N/A
B7: 1 | C7: =VLOOKUP("29/101/1",Data!$A$2:$E$1425,3,FALSE) -> 20001 Dan | G7: 1 | H7: =VLOOKUP("29/120/1",Data!$A$2:$E$1425,3,FALSE) -> 20048 Johan | L7: =COUNTA(B8)+L6 -> 2 | M7: =C8 -> 0 | N7: DNK | O7: 29 | P7: 101 | U7: =B8 -> 2 | X7: =IF(D8=0,"",D8) | Y7: =IF(E8=0,"",E8) | Z7: 0193 | AA7: =VLOOKUP($M:$M,Data!$I:$J,2,FALSE) -> #N/A
B8: 2 | C8: =VLOOKUP("29/101/2",Data!$A$2:$E$1425,3,FALSE) -> 0 | G8: 2 | H8: =VLOOKUP("29/120/2",Data!$A$2:$E$1425,3,FALSE) -> 0 | L8: =COUNTA(B9)+L7 -> 2 | M8: =C9 -> 0 | N8: DNK | O8: 29 | P8: 101 | U8: =B9 -> 0 | X8: =IF(D9=0,"",D9) | Y8: =IF(E9=0,"",E9) | AA8: =VLOOKUP($M:$M,Data!$I:$J,2,FALSE) -> #N/A
C9: =VLOOKUP("29/101/3",Data!$A$2:$E$1425,3,FALSE) -> 0 | G9: 3 | H9: =VLOOKUP("29/120/3",Data!$A$2:$E$1425,3,FALSE) -> 0 | L9: =COUNTA(B11)+L8 -> 3 | M9: =C11 -> 20002 Marten | N9: DNK | O9: 29 | P9: 102 | Q9: =_xlfn.IFS(COUNTA(B11:B13)=1,"Single",COUNTA(B11:B13)=2,"Double",COUNTA(B11:B13)=3,"Triple",COUNTA(B11:B13)=0,"Empty") -> Double | U9: =B11 -> 1 | V9: =COUNT(B11:B13) -> 2 | X9: =IF(D11=0,"",D11) | Y9: =IF(E11=0,"",E11) | Z9: 0194 | AA9: =VLOOKUP($M:$M,Data!$I:$J,2,FALSE) -> #N/A
B10: 102 | D10: ETA | E10: ETD | G10: 119 | I10: ETA | J10: ETD | L10: =COUNTA(B12)+L9 -> 4 | M10: =C12 -> 0 | N10: DNK | O10: 29 | P10: 102 | U10: =B12 -> 2 | X10: =IF(D12=0,"",D12) | Y10: =IF(E12=0,"",E12) | Z10: 0195 | AA10: =VLOOKUP($M:$M,Data!$I:$J,2,FALSE) -> #N/A
B11: 1 | C11: =VLOOKUP("29/102/1",Data!$A$2:$E$1425,3,FALSE) -> 20002 Marten | G11: 1 | H11: =VLOOKUP("29/119/1",Data!$A$2:$E$1425,3,FALSE) -> 21002 Klara | L11: =COUNTA(B13)+L10 -> 4 | M11: =C13 -> 0 | N11: DNK | O11: 29 | P11: 102 | U11: =B13 -> 0 | X11: =IF(D13=0,"",D13) | Y11: =IF(E13=0,"",E13) | AA11: =VLOOKUP($M:$M,Data!$I:$J,2,FALSE) -> #N/A
B12: 2 | C12: =VLOOKUP("29/102/2",Data!$A$2:$E$1425,3,FALSE) -> 0 | G12: 2 | H12: =VLOOKUP("29/119/2",Data!$A$2:$E$1425,3,FALSE) -> 0 | L12: =COUNTA(B15)+L11 -> 5 | M12: =C15 -> 20003 Christoffer | N12: DNK | O12: 29 | P12: 103 | Q12: =_xlfn.IFS(COUNTA(B15:B17)=1,"Single",COUNTA(B15:B17)=2,"Double",COUNTA(B15:B17)=3,"Triple",COUNTA(B15:B17)=0,"Empty") -> Triple | U12: =B15 -> 1 | V12: =COUNT(B15:B17) -> 3 | X12: =IF(D15=0,"",D15) | Y12: =IF(E15=0,"",E15) | Z12: 0196 | AA12: =VLOOKUP($M:$M,Data!$I:$J,2,FALSE) -> #N/A
C13: =VLOOKUP("29/102/3",Data!$A$2:$E$1425,3,FALSE) -> 0 | G13: 3 | H13: =VLOOKUP("29/119/3",Data!$A$2:$E$1425,3,FALSE) -> 0 | L13: =COUNTA(B16)+L12 -> 6 | M13: =C16 -> 0 | N13: DNK | O13: 29 | P13: 103 | U13: =B16 -> 2 | X13: =IF(D16=0,"",D16) | Y13: =IF(E16=0,"",E16) | Z13: 0197 | AA13: =VLOOKUP($M:$M,Data!$I:$J,2,FALSE) -> #N/A
B14: 103 | D14: ETA | E14: ETD | G14: 118 | I14: ETA | J14: ETD | L14: =COUNTA(B17)+L13 -> 7 | M14: =C17 -> 0 | N14: DNK | O14: 29 | P14: 103 | U14: =B17 -> 3 | X14: =IF(D17=0,"",D17) | Y14: =IF(E17=0,"",E17) | Z14: 0198 | AA14: =VLOOKUP($M:$M,Data!$I:$J,2,FALSE) -> #N/A
B15: 1 | C15: =VLOOKUP("29/103/1",Data!$A$2:$E$1425,3,FALSE) -> 20003 Christoffer | G15: 1 | H15: =VLOOKUP("29/118/1",Data!$A$2:$E$1425,3,FALSE) -> 21001 Andre | L15: =COUNTA(B19)+L14 -> 8 | M15: =C19 -> 20041 Rasmus | N15: DNK | O15: 29 | P15: 104 | Q15: =_xlfn.IFS(COUNTA(B19:B21)=1,"Single",COUNTA(B19:B21)=2,"Double",COUNTA(B19:B21)=3,"Triple",COUNTA(B19:B21)=0,"Empty") -> Triple | U15: =B19 -> 1 | V15: =COUNT(B19:B21) -> 3 | X15: =IF(D19=0,"",D19) | Y15: =IF(E19=0,"",E19) | Z15: 0200 | AA15: =VLOOKUP($M:$M,Data!$I:$J,2,FALSE) -> #N/A
B16: 2 | C16: =VLOOKUP("29/103/2",Data!$A$2:$E$1425,3,FALSE) -> 0 | G16: 2 | H16: =VLOOKUP("29/118/2",Data!$A$2:$E$1425,3,FALSE) -> 0 | L16: =COUNTA(B20)+L15 -> 9 | M16: =C20 -> 0 | N16: DNK | O16: 29 | P16: 104 | U16: =B20 -> 2 | X16: =IF(D20=0,"",D20) | Y16: =IF(E20=0,"",E20) | Z16: 0199 | AA16: =VLOOKUP($M:$M,Data!$I:$J,2,FALSE) -> #N/A
B17: 3 | C17: =VLOOKUP("29/103/3",Data!$A$2:$E$1425,3,FALSE) -> 0 | G17: 3 | H17: =VLOOKUP("29/118/3",Data!$A$2:$E$1425,3,FALSE) -> 0 | L17: =COUNTA(B21)+L16 -> 10 | M17: =C21 -> 0 | N17: DNK | O17: 29 | P17: 104 | U17: =B21 -> 3 | X17: =IF(D21=0,"",D21) | Y17: =IF(E21=0,"",E21) | Z17: 0201 | AA17: =VLOOKUP($M:$M,Data!$I:$J,2,FALSE) -> #N/A
B18: 104 | D18: ETA | E18: ETD | G18: 117 | I18: ETA | J18: ETD | L18: =COUNTA(B23)+L17 -> 11 | M18: =C23 -> 21101 Gustav | N18: DNK | O18: 29 | P18: 105 | Q18: =_xlfn.IFS(COUNTA(B23:B25)=1,"Single",COUNTA(B23:B25)=2,"Double",COUNTA(B23:B25)=3,"Triple",COUNTA(B23:B25)=0,"Empty") -> Triple | U18: =B23 -> 1 | V18: =COUNT(B23:B25) -> 3 | X18: =IF(D23=0,"",D23) | Y18: =IF(E23=0,"",E23) | Z18: 0202 | AA18: =VLOOKUP($M:$M,Data!$I:$J,2,FALSE) -> #N/A
B19: 1 | C19: =VLOOKUP("29/104/1",Data!$A$2:$E$1425,3,FALSE) -> 20041 Rasmus | G19: 1 | H19: =VLOOKUP("29/117/1",Data!$A$2:$E$1425,3,FALSE) -> 21309 Felix | L19: =COUNTA(B24)+L18 -> 12 | M19: =C24 -> 21102 David | N19: DNK | O19: 29 | P19: 105 | U19: =B24 -> 2 | X19: =IF(D24=0,"",D24) | Y19: =IF(E24=0,"",E24) | Z19: 0203 | AA19: =VLOOKUP($M:$M,Data!$I:$J,2,FALSE) -> #N/A
B20: 2 | C20: =VLOOKUP("29/104/2",Data!$A$2:$E$1425,3,FALSE) -> 0 | G20: 2 | H20: =VLOOKUP("29/117/2",Data!$A$2:$E$1425,3,FALSE) -> 21306 Jakub | L20: =COUNTA(B25)+L19 -> 13 | M20: =C25 -> 0 | N20: DNK | O20: 29 | P20: 105 | U20: =B25 -> 3 | X20: =IF(D25=0,"",D25) | Y20: =IF(E25=0,"",E25) | Z20: 0204 | AA20: =VLOOKUP($M:$M,Data!$I:$J,2,FALSE) -> #N/A
B21: 3 | C21: =VLOOKUP("29/104/3",Data!$A$2:$E$1425,3,FALSE) -> 0 | G21: 3 | H21: =VLOOKUP("29/117/3",Data!$A$2:$E$1425,3,FALSE) -> 0 | L21: =COUNTA(B27)+L20 -> 14 | M21: =C27 -> 21103 Faraj | N21: DNK | O21: 29 | P21: 106 | Q21: =_xlfn.IFS(COUNTA(B27:B29)=1,"Single",COUNTA(B27:B29)=2,"Double",COUNTA(B27:B29)=3,"Triple",COUNTA(B27:B29)=0,"Empty") -> Triple | U21: =B27 -> 1 | V21: =COUNT(B27:B29) -> 3 | X21: =IF(D27=0,"",D27) | Y21: =IF(E27=0,"",E27) | Z21: 0205 | AA21: =VLOOKUP($M:$M,Data!$I:$J,2,FALSE) -> #N/A
B22: 105 | D22: ETA | E22: ETD | G22: 116 | I22: ETA | J22: ETD | L22: =COUNTA(B28)+L21 -> 15 | M22: =C28 -> 21203 Leo | N22: DNK | O22: 29 | P22: 106 | U22: =B28 -> 2 | X22: =IF(D28=0,"",D28) | Y22: =IF(E28=0,"",E28) | Z22: 0206 | AA22: =VLOOKUP($M:$M,Data!$I:$J,2,FALSE) -> #N/A
B23: 1 | C23: =VLOOKUP("29/105/1",Data!$A$2:$E$1425,3,FALSE) -> 21101 Gustav | H23: =VLOOKUP("29/116/1",Data!$A$2:$E$1425,3,FALSE) -> 21307 Elliot | L23: =COUNTA(B29)+L22 -> 16 | M23: =C29 -> 0 | N23: DNK | O23: 29 | P23: 106 | U23: =B29 -> 3 | X23: =IF(D29=0,"",D29) | Y23: =IF(E29=0,"",E29) | Z23: 0207 | AA23: =VLOOKUP($M:$M,Data!$I:$J,2,FALSE) -> #N/A
B24: 2 | C24: =VLOOKUP("29/105/2",Data!$A$2:$E$1425,3,FALSE) -> 21102 David | H24: =VLOOKUP("29/116/2",Data!$A$2:$E$1425,3,FALSE) -> 21308 Willy | L24: =COUNTA(B31)+L23 -> 17 | M24: =C31 -> 21105 Gustav | N24: DNK | O24: 29 | P24: 107 | Q24: =_xlfn.IFS(COUNTA(B31:B33)=1,"Single",COUNTA(B31:B33)=2,"Double",COUNTA(B31:B33)=3,"Triple",COUNTA(B31:B33)=0,"Empty") -> Triple | U24: =B31 -> 1 | V24: =COUNT(B31:B33) -> 3 | X24: =IF(D31=0,"",D31) | Y24: =IF(E31=0,"",E31) | Z24: 0208 | AA24: =VLOOKUP($M:$M,Data!$I:$J,2,FALSE) -> #N/A
B25: 3 | C25: =VLOOKUP("29/105/3",Data!$A$2:$E$1425,3,FALSE) -> 0 | H25: =VLOOKUP("29/116/3",Data!$A$2:$E$1425,3,FALSE) -> 0 | L25: =COUNTA(B32)+L24 -> 18 | M25: =C32 -> 21104 Bendeguz | N25: DNK | O25: 29 | P25: 107 | U25: =B32 -> 2 | X25: =IF(D32=0,"",D32) | Y25: =IF(E32=0,"",E32) | Z25: 0209 | AA25: =VLOOKUP($M:$M,Data!$I:$J,2,FALSE) -> #N/A
B26: 106 | D26: ETA | E26: ETD | G26: Drying room | L26: =COUNTA(B33)+L25 -> 19 | M26: =C33 -> 0 | N26: DNK | O26: 29 | P26: 107 | U26: =B33 -> 3 | X26: =IF(D33=0,"",D33) | Y26: =IF(E33=0,"",E33) | Z26: 0210 | AA26: =VLOOKUP($M:$M,Data!$I:$J,2,FALSE) -> #N/A
B27: 1 | C27: =VLOOKUP("29/106/1",Data!$A$2:$E$1425,3,FALSE) -> 21103 Faraj | L27: =COUNTA(B35)+L26 -> 20 | M27: =C35 -> 21107 Eskil | N27: DNK | O27: 29 | P27: 108 | Q27: =_xlfn.IFS(COUNTA(B35:B37)=1,"Single",COUNTA(B35:B37)=2,"Double",COUNTA(B35:B37)=3,"Triple",COUNTA(B35:B37)=0,"Empty") -> Triple | U27: =B35 -> 1 | V27: =COUNT(B35:B37) -> 3 | X27: =IF(D35=0,"",D35) | Y27: =IF(E35=0,"",E35) | Z27: 0211 | AA27: =VLOOKUP($M:$M,Data!$I:$J,2,FALSE) -> #N/A
B28: 2 | C28: =VLOOKUP("29/106/2",Data!$A$2:$E$1425,3,FALSE) -> 21203 Leo | L28: =COUNTA(B36)+L27 -> 21 | M28: =C36 -> 21108 Hugo | N28: DNK | O28: 29 | P28: 108 | U28: =B36 -> 2 | X28: =IF(D36=0,"",D36) | Y28: =IF(E36=0,"",E36) | Z28: 0212 | AA28: =VLOOKUP($M:$M,Data!$I:$J,2,FALSE) -> #N/A
B29: 3 | C29: =VLOOKUP("29/106/3",Data!$A$2:$E$1425,3,FALSE) -> 0 | L29: =COUNTA(B37)+L28 -> 22 | M29: =C37 -> 0 | N29: DNK | O29: 29 | P29: 108 | U29: =B37 -> 3 | X29: =IF(D37=0,"",D37) | Y29: =IF(E37=0,"",E37) | Z29: 0213 | AA29: =VLOOKUP($M:$M,Data!$I:$J,2,FALSE) -> #N/A
B30: 107 | D30: ETA | E30: ETD | L30: =COUNTA(B39)+L29 -> 23 | M30: =C39 -> 21109 Jakob | N30: DNK | O30: 29 | P30: 109 | Q30: =_xlfn.IFS(COUNTA(B39:B41)=1,"Single",COUNTA(B39:B41)=2,"Double",COUNTA(B39:B41)=3,"Triple",COUNTA(B39:B41)=0,"Empty") -> Triple | U30: =B39 -> 1 | V30: =COUNT(B39:B41) -> 3 | X30: =IF(D39=0,"",D39) | Y30: =IF(E39=0,"",E39) | Z30: 0214 | AA30: =VLOOKUP($M:$M,Data!$I:$J,2,FALSE) -> #N/A
B31: 1 | C31: =VLOOKUP("29/107/1",Data!$A$2:$E$1425,3,FALSE) -> 21105 Gustav | L31: =COUNTA(B40)+L30 -> 24 | M31: =C40 -> 21106 Carl | N31: DNK | O31: 29 | P31: 109 | U31: =B40 -> 2 | X31: =IF(D40=0,"",D40) | Y31: =IF(E40=0,"",E40) | Z31: 0215 | AA31: =VLOOKUP($M:$M,Data!$I:$J,2,FALSE) -> #N/A
B32: 2 | C32: =VLOOKUP("29/107/2",Data!$A$2:$E$1425,3,FALSE) -> 21104 Bendeguz | L32: =COUNTA(B41)+L31 -> 25 | M32: =C41 -> 0 | N32: DNK | O32: 29 | P32: 109 | U32: =B41 -> 3 | X32: =IF(D41=0,"",D41) | Y32: =IF(E41=0,"",E41) | Z32: 0227 | AA32: =VLOOKUP($M:$M,Data!$I:$J,2,FALSE) -> #N/A
B33: 3 | C33: =VLOOKUP("29/107/3",Data!$A$2:$E$1425,3,FALSE) -> 0 | L33: =COUNTA(B43)+L32 -> 26 | M33: =C43 -> 21201 Alexander | N33: DNK | O33: 29 | P33: 110 | Q33: =_xlfn.IFS(COUNTA(B43:B45)=1,"Single",COUNTA(B43:B45)=2,"Double",COUNTA(B43:B45)=3,"Triple",COUNTA(B43:B45)=0,"Empty") -> Triple | U33: =B43 -> 1 | V33: =COUNT(B43:B45) -> 3 | X33: =IF(D43=0,"",D43) | Y33: =IF(E43=0,"",E43) | Z33: 0217 | AA33: =VLOOKUP($M:$M,Data!$I:$J,2,FALSE) -> #N/A
B34: 108 | D34: ETA | E34: ETD | G34: 115 | I34: ETA | J34: ETD | L34: =COUNTA(B44)+L33 -> 27 | M34: =C44 -> 21202 Axel | N34: DNK | O34: 29 | P34: 110 | U34: =B44 -> 2 | X34: =IF(D44=0,"",D44) | Y34: =IF(E44=0,"",E44) | Z34: 0218 | AA34: =VLOOKUP($M:$M,Data!$I:$J,2,FALSE) -> #N/A
B35: 1 | C35: =VLOOKUP("29/108/1",Data!$A$2:$E$1425,3,FALSE) -> 21107 Eskil | G35: 1 | H35: =VLOOKUP("29/115/1",Data!$A$2:$E$1425,3,FALSE) -> 21305 Linus | L35: =COUNTA(B45)+L34 -> 28 | M35: =C45 -> 0 | N35: DNK | O35: 29 | P35: 110 | U35: =B45 -> 3 | X35: =IF(D45=0,"",D45) | Y35: =IF(E45=0,"",E45) | Z35: 0219 | AA35: =VLOOKUP($M:$M,Data!$I:$J,2,FALSE) -> #N/A
B36: 2 | C36: =VLOOKUP("29/108/2",Data!$A$2:$E$1425,3,FALSE) -> 21108 Hugo | G36: 2 | H36: =VLOOKUP("29/115/2",Data!$A$2:$E$1425,3,FALSE) -> 21304 Loke | L36: =COUNTA(B47)+L35 -> 29 | M36: =C47 -> 21205 Melker | N36: DNK | O36: 29 | P36: 111 | Q36: =_xlfn.IFS(COUNTA(B47:B49)=1,"Single",COUNTA(B47:B49)=2,"Double",COUNTA(B47:B49)=3,"Triple",COUNTA(B47:B49)=0,"Empty") -> Triple | U36: =B47 -> 1 | V36: =COUNT(B47:B49) -> 3 | X36: =IF(D47=0,"",D47) | Y36: =IF(E47=0,"",E47) | Z36: 0220 | AA36: =VLOOKUP($M:$M,Data!$I:$J,2,FALSE) -> #N/A
B37: 3 | C37: =VLOOKUP("29/108/3",Data!$A$2:$E$1425,3,FALSE) -> 0 | G37: 3 | H37: =VLOOKUP("29/115/3",Data!$A$2:$E$1425,3,FALSE) -> 0 | L37: =COUNTA(B48)+L36 -> 30 | M37: =C48 -> 21204 Jacob | N37: DNK | O37: 29 | P37: 111 | U37: =B48 -> 2 | X37: =IF(D48=0,"",D48) | Y37: =IF(E48=0,"",E48) | Z37: 0221 | AA37: =VLOOKUP($M:$M,Data!$I:$J,2,FALSE) -> #N/A
B38: 109 | D38: ETA | E38: ETD | G38: 114 | I38: ETA | J38: ETD | L38: =COUNTA(B49)+L37 -> 31 | M38: =C49 -> 0 | N38: DNK | O38: 29 | P38: 111 | U38: =B49 -> 3 | X38: =IF(D49=0,"",D49) | Y38: =IF(E49=0,"",E49) | Z38: 0222 | AA38: =VLOOKUP($M:$M,Data!$I:$J,2,FALSE) -> #N/A
B39: 1 | C39: =VLOOKUP("29/109/1",Data!$A$2:$E$1425,3,FALSE) -> 21109 Jakob | G39: 1 | H39: =VLOOKUP("29/114/1",Data!$A$2:$E$1425,3,FALSE) -> 21301 Hampus | L39: =COUNTA(G47)+L38 -> 32 | M39: =H47 -> 21207 Joel | N39: DNK | O39: 29 | P39: 112 | Q39: =_xlfn.IFS(COUNTA(G47:G49)=1,"Single",COUNTA(G47:G49)=2,"Double",COUNTA(G47:G49)=3,"Triple",COUNTA(G47:G49)=0,"Empty") -> Triple | U39: =G47 -> 1 | V39: =COUNT(G47:G49) -> 3 | X39: =IF(I47=0,"",I47) | Y39: =IF(J47=0,"",J47) | Z39: 0225 | AA39: =VLOOKUP($M:$M,Data!$I:$J,2,FALSE) -> #N/A
B40: 2 | C40: =VLOOKUP("29/109/2",Data!$A$2:$E$1425,3,FALSE) -> 21106 Carl | G40: 2 | H40: =VLOOKUP("29/114/2",Data!$A$2:$E$1425,3,FALSE) -> 21302 Ludwig | L40: =COUNTA(G48)+L39 -> 33 | M40: =H48 -> 21208 Hugo | N40: DNK | O40: 29 | P40: 112 | U40: =G48 -> 2 | X40: =IF(I48=0,"",I48) | Y40: =IF(J48=0,"",J48) | Z40: 0223 | AA40: =VLOOKUP($M:$M,Data!$I:$J,2,FALSE) -> #N/A
B41: 3 | C41: =VLOOKUP("29/109/3",Data!$A$2:$E$1425,3,FALSE) -> 0 | G41: 3 | H41: =VLOOKUP("29/114/3",Data!$A$2:$E$1425,3,FALSE) -> 0 | L41: =COUNTA(G49)+L40 -> 34 | M41: =H49 -> 0 | N41: DNK | O41: 29 | P41: 112 | U41: =G49 -> 3 | X41: =IF(I49=0,"",I49) | Y41: =IF(J49=0,"",J49) | Z41: 0224 | AA41: =VLOOKUP($M:$M,Data!$I:$J,2,FALSE) -> #N/A
B42: 110 | D42: ETA | E42: ETD | G42: 113 | I42: ETA | J42: ETD | L42: =COUNTA(G43)+L41 -> 35 | M42: =H43 -> 21209 Niklas | N42: DNK | O42: 29 | P42: 113 | Q42: =_xlfn.IFS(COUNTA(G43:G45)=1,"Single",COUNTA(G43:G45)=2,"Double",COUNTA(G43:G45)=3,"Triple",COUNTA(G43:G45)=0,"Empty") -> Triple | U42: =G43 -> 1 | V42: =COUNT(G43:G45) -> 3 | X42: =IF(I43=0,"",I43) | Y42: =IF(J43=0,"",J43) | Z42: 0228 | AA42: =VLOOKUP($M:$M,Data!$I:$J,2,FALSE) -> #N/A
B43: 1 | C43: =VLOOKUP("29/110/1",Data!$A$2:$E$1425,3,FALSE) -> 21201 Alexander | G43: 1 | H43: =VLOOKUP("29/113/1",Data!$A$2:$E$1425,3,FALSE) -> 21209 Niklas | L43: =COUNTA(G44)+L42 -> 36 | M43: =H44 -> 21206 Carl | N43: DNK | O43: 29 | P43: 113 | U43: =G44 -> 2 | X43: =IF(I44=0,"",I44) | Y43: =IF(J44=0,"",J44) | Z43: 0226 | AA43: =VLOOKUP($M:$M,Data!$I:$J,2,FALSE) -> #N/A
B44: 2 | C44: =VLOOKUP("29/110/2",Data!$A$2:$E$1425,3,FALSE) -> 21202 Axel | G44: 2 | H44: =VLOOKUP("29/113/2",Data!$A$2:$E$1425,3,FALSE) -> 21206 Carl | L44: =COUNTA(G45)+L43 -> 37 | M44: =H45 -> 0 | N44: DNK | O44: 29 | P44: 113 | U44: =G45 -> 3 | X44: =IF(I45=0,"",I45) | Y44: =IF(J45=0,"",J45) | Z44: 0216 | AA44: =VLOOKUP($M:$M,Data!$I:$J,2,FALSE) -> #N/A
B45: 3 | C45: =VLOOKUP("29/110/3",Data!$A$2:$E$1425,3,FALSE) -> 0 | G45: 3 | H45: =VLOOKUP("29/113/3",Data!$A$2:$E$1425,3,FALSE) -> 0 | L45: =COUNTA(G39)+L44 -> 38 | M45: =H39 -> 21301 Hampus | N45: DNK | O45: 29 | P45: 114 | Q45: =_xlfn.IFS(COUNTA(G39:G41)=1,"Single",COUNTA(G39:G41)=2,"Double",COUNTA(G39:G41)=3,"Triple",COUNTA(G39:G41)=0,"Empty") -> Triple | U45: =G39 -> 1 | V45: =COUNT(G39:G41) -> 3 | X45: =IF(I39=0,"",I39) | Y45: =IF(J39=0,"",J39) | Z45: 0239 | AA45: =VLOOKUP($M:$M,Data!$I:$J,2,FALSE) -> #N/A
B46: 111 | D46: ETA | E46: ETD | G46: 112 | I46: ETA | J46: ETD | L46: =COUNTA(G40)+L45 -> 39 | M46: =H40 -> 21302 Ludwig | N46: DNK | O46: 29 | P46: 114 | U46: =G40 -> 2 | X46: =IF(I40=0,"",I40) | Y46: =IF(J40=0,"",J40) | Z46: 0240 | AA46: =VLOOKUP($M:$M,Data!$I:$J,2,FALSE) -> #N/A
B47: 1 | C47: =VLOOKUP("29/111/1",Data!$A$2:$E$1425,3,FALSE) -> 21205 Melker | G47: 1 | H47: =VLOOKUP("29/112/1",Data!$A$2:$E$1425,3,FALSE) -> 21207 Joel | L47: =COUNTA(G41)+L46 -> 40 | M47: =H41 -> 0 | N47: DNK | O47: 29 | P47: 114 | U47: =G41 -> 3 | X47: =IF(I41=0,"",I41) | Y47: =IF(J41=0,"",J41) | Z47: 0238 | AA47: =VLOOKUP($M:$M,Data!$I:$J,2,FALSE) -> #N/A
B48: 2 | C48: =VLOOKUP("29/111/2",Data!$A$2:$E$1425,3,FALSE) -> 21204 Jacob | G48: 2 | H48: =VLOOKUP("29/112/2",Data!$A$2:$E$1425,3,FALSE) -> 21208 Hugo | L48: =COUNTA(G35)+L47 -> 41 | M48: =H35 -> 21305 Linus | N48: DNK | O48: 29 | P48: 115 | Q48: =_xlfn.IFS(COUNTA(G35:G37)=1,"Single",COUNTA(G35:G37)=2,"Double",COUNTA(G35:G37)=3,"Triple",COUNTA(G35:G37)=0,"Empty") -> Triple | U48: =G35 -> 1 | V48: =COUNT(G35:G37) -> 3 | X48: =IF(I35=0,"",I35) | Y48: =IF(J35=0,"",J35) | Z48: 0229 | AA48: =VLOOKUP($M:$M,Data!$I:$J,2,FALSE) -> #N/A
B49: 3 | C49: =VLOOKUP("29/111/3",Data!$A$2:$E$1425,3,FALSE) -> 0 | G49: 3 | H49: =VLOOKUP("29/112/3",Data!$A$2:$E$1425,3,FALSE) -> 0 | L49: =COUNTA(G36)+L48 -> 42 | M49: =H36 -> 21304 Loke | N49: DNK | O49: 29 | P49: 115 | U49: =G36 -> 2 | X49: =IF(I36=0,"",I36) | Y49: =IF(J36=0,"",J36) | Z49: 0233 | AA49: =VLOOKUP($M:$M,Data!$I:$J,2,FALSE) -> #N/A
L50: =COUNTA(G37)+L49 -> 43 | M50: =H37 -> 0 | N50: DNK | O50: 29 | P50: 115 | U50: =G37 -> 3 | X50: =IF(I37=0,"",I37) | Y50: =IF(J37=0,"",J37) | Z50: 0234 | AA50: =VLOOKUP($M:$M,Data!$I:$J,2,FALSE) -> #N/A
C51: Building 29 - 2nd floor | L51: =COUNTA(G23)+L50 -> 43 | M51: =H23 -> 21307 Elliot | N51: DNK | O51: 29 | P51: 116 | Q51: =_xlfn.IFS(COUNTA(G23:G25)=1,"Single",COUNTA(G23:G25)=2,"Double",COUNTA(G23:G25)=3,"Triple",COUNTA(G23:G25)=0,"Empty") -> Empty | U51: =G23 -> 0 | V51: =COUNT(G23:G25) -> 0 | X51: =IF(I23=0,"",I23) | Y51: =IF(J23=0,"",J23) | Z51: 0228 | AA51: =VLOOKUP($M:$M,Data!$I:$J,2,FALSE) -> #N/A | AB51: 212309 Chris, SIM 2 - Checked out on 25.08, MC0235/Bag 0113 in the billeting office
B52: Rooms | G52: Rooms | L52: =COUNTA(G24)+L51 -> 43 | M52: =H24 -> 21308 Willy | N52: DNK | O52: 29 | P52: 116 | U52: =G24 -> 0 | X52: =IF(I24=0,"",I24) | Y52: =IF(J24=0,"",J24) | AA52: =VLOOKUP($M:$M,Data!$I:$J,2,FALSE) -> #N/A
B53: 201 | D53: ETA | E53: ETD | G53: 220 | I53: ETA | J53: ETD | L53: =COUNTA(G25)+L52 -> 43 | M53: =H25 -> 0 | N53: DNK | O53: 29 | P53: 116 | U53: =G25 -> 0 | X53: =IF(I25=0,"",I25) | Y53: =IF(J25=0,"",J25) | AA53: =VLOOKUP($M:$M,Data!$I:$J,2,FALSE) -> #N/A
B54: 1 | C54: =VLOOKUP("29/201/1",Data!$A$2:$E$1425,3,FALSE) -> 22001 Anton | G54: 1 | H54: =VLOOKUP("29/220/1",Data!$A$2:$E$1425,3,FALSE) -> 23001 Hampus | L54: =COUNTA(G19)+L53 -> 44 | M54: =H19 -> 21309 Felix | N54: DNK | O54: 29 | P54: 117 | Q54: =_xlfn.IFS(COUNTA(G19:G21)=1,"Single",COUNTA(G19:G21)=2,"Double",COUNTA(G19:G21)=3,"Triple",COUNTA(G19:G21)=0,"Empty") -> Triple | U54: =G19 -> 1 | V54: =COUNT(G19:G21) -> 3 | X54: =IF(I19=0,"",I19) | Y54: =IF(J19=0,"",J19) | AA54: =VLOOKUP($M:$M,Data!$I:$J,2,FALSE) -> #N/A
B55: 2 | C55: =VLOOKUP("29/201/2",Data!$A$2:$E$1425,3,FALSE) -> 0 | G55: 2 | H55: =VLOOKUP("29/220/2",Data!$A$2:$E$1425,3,FALSE) -> 0 | L55: =COUNTA(G20)+L54 -> 45 | M55: =H20 -> 21306 Jakub | N55: DNK | O55: 29 | P55: 117 | U55: =G20 -> 2 | X55: =IF(I20=0,"",I20) | Y55: =IF(J20=0,"",J20) | Z55: 0237 | AA55: =VLOOKUP($M:$M,Data!$I:$J,2,FALSE) -> #N/A
C56: =VLOOKUP("29/201/3",Data!$A$2:$E$1425,3,FALSE) -> 0 | H56: =VLOOKUP("29/220/3",Data!$A$2:$E$1425,3,FALSE) -> 0 | L56: =COUNTA(G21)+L55 -> 46 | M56: =H21 -> 0 | N56: DNK | O56: 29 | P56: 117 | U56: =G21 -> 3 | X56: =IF(I21=0,"",I21) | Y56: =IF(J21=0,"",J21) | Z56: 0241 | AA56: =VLOOKUP($M:$M,Data!$I:$J,2,FALSE) -> #N/A
B57: 202 | D57: ETA | E57: ETD | G57: 219 | I57: ETA | J57: ETD | L57: =COUNTA(G15)+L56 -> 47 | M57: =H15 -> 21001 Andre | N57: DNK | O57: 29 | P57: 118 | Q57: =_xlfn.IFS(COUNTA(G15:G17)=1,"Single",COUNTA(G15:G17)=2,"Double",COUNTA(G15:G17)=3,"Triple",COUNTA(G15:G17)=0,"Empty") -> Triple | U57: =G15 -> 1 | V57: =COUNT(G15:G17) -> 3 | X57: =IF(I15=0,"",I15) | Y57: =IF(J15=0,"",J15) | Z57: 0232 | AA57: =VLOOKUP($M:$M,Data!$I:$J,2,FALSE) -> #N/A
B58: 1 | C58: =VLOOKUP("29/202/1",Data!$A$2:$E$1425,3,FALSE) -> 22002 Omar | G58: 1 | H58: =VLOOKUP("29/219/1",Data!$A$2:$E$1425,3,FALSE) -> 23002 Ludwig | L58: =COUNTA(G16)+L57 -> 48 | M58: =H16 -> 0 | N58: DNK | O58: 29 | P58: 118 | U58: =G16 -> 2 | X58: =IF(I16=0,"",I16) | Y58: =IF(J16=0,"",J16) | Z58: 0230 | AA58: =VLOOKUP($M:$M,Data!$I:$J,2,FALSE) -> #N/A
B59: 2 | C59: =VLOOKUP("29/202/2",Data!$A$2:$E$1425,3,FALSE) -> 0 | G59: 2 | H59: =VLOOKUP("29/219/2",Data!$A$2:$E$1425,3,FALSE) -> 0 | L59: =COUNTA(G17)+L58 -> 49 | M59: =H17 -> 0 | N59: DNK | O59: 29 | P59: 118 | U59: =G17 -> 3 | X59: =IF(I17=0,"",I17) | Y59: =IF(J17=0,"",J17) | Z59: 0231 | AA59: =VLOOKUP($M:$M,Data!$I:$J,2,FALSE) -> #N/A
C60: =VLOOKUP("29/202/3",Data!$A$2:$E$1425,3,FALSE) -> 0 | H60: =VLOOKUP("29/219/3",Data!$A$2:$E$1425,3,FALSE) -> 0 | L60: =COUNTA(G11)+L59 -> 50 | M60: =H11 -> 21002 Klara | N60: DNK | O60: 29 | P60: 119 | Q60: =_xlfn.IFS(COUNTA(G11:G13)=1,"Single",COUNTA(G11:G13)=2,"Double",COUNTA(G11:G13)=3,"Triple",COUNTA(G11:G13)=0,"Empty") -> Triple | U60: =G11 -> 1 | V60: =COUNT(G11:G13) -> 3 | X60: =IF(I11=0,"",I11) | Y60: =IF(J11=0,"",J11) | Z60: 0242 | AA60: =VLOOKUP($M:$M,Data!$I:$J,2,FALSE) -> #N/A
B61: 203 | D61: ETA | E61: ETD | G61: 218 | I61: ETA | J61: ETD | L61: =COUNTA(G12)+L60 -> 51 | M61: =H12 -> 0 | N61: DNK | O61: 29 | P61: 119 | U61: =G12 -> 2 | X61: =IF(I12=0,"",I12) | Y61: =IF(J12=0,"",J12) | Z61: 0243 | AA61: =VLOOKUP($M:$M,Data!$I:$J,2,FALSE) -> #N/A
B62: 1 | C62: =VLOOKUP("29/203/1",Data!$A$2:$E$1425,3,FALSE) -> 22101 Jona | G62: 1 | H62: =VLOOKUP("29/218/1",Data!$A$2:$E$1425,3,FALSE) -> 23107 Sixten | L62: =COUNTA(G13)+L61 -> 52 | M62: =H13 -> 0 | N62: DNK | O62: 29 | P62: 119 | U62: =G13 -> 3 | X62: =IF(I13=0,"",I13) | Y62: =IF(J13=0,"",J13) | Z62: 0244 | AA62: =VLOOKUP($M:$M,Data!$I:$J,2,FALSE) -> #N/A
B63: 2 | C63: =VLOOKUP("29/203/2",Data!$A$2:$E$1425,3,FALSE) -> 22102 Emil | G63: 2 | H63: =VLOOKUP("29/218/2",Data!$A$2:$E$1425,3,FALSE) -> 23108 Lukas | L63: =COUNTA(G7)+L62 -> 53 | M63: =H7 -> 20048 Johan | N63: DNK | O63: 29 | P63: 120 | Q63: =_xlfn.IFS(COUNTA(G7:G9)=1,"Single",COUNTA(G7:G9)=2,"Double",COUNTA(G7:G9)=3,"Triple",COUNTA(G7:G9)=0,"Empty") -> Triple | U63: =G7 -> 1 | V63: =COUNT(G7:G9) -> 3 | X63: =IF(I7=0,"",I7) | Y63: =IF(J7=0,"",J7) | Z63: 0236 | AA63: =VLOOKUP($M:$M,Data!$I:$J,2,FALSE) -> #N/A
C64: =VLOOKUP("29/203/3",Data!$A$2:$E$1425,3,FALSE) -> 0 | H64: =VLOOKUP("29/218/3",Data!$A$2:$E$1425,3,FALSE) -> 0 | L64: =COUNTA(G8)+L63 -> 54 | M64: =H8 -> 0 | N64: DNK | O64: 29 | P64: 120 | U64: =G8 -> 2 | X64: =IF(I8=0,"",I8) | Y64: =IF(J8=0,"",J8) | Z64: 0246 | AA64: =VLOOKUP($M:$M,Data!$I:$J,2,FALSE) -> #N/A
B65: 204 | D65: ETA | E65: ETD | G65: 217 | I65: ETA | J65: ETD | L65: =COUNTA(G9)+L64 -> 55 | M65: =H9 -> 0 | N65: DNK | O65: 29 | P65: 120 | U65: =G9 -> 3 | X65: =IF(I9=0,"",I9) | Y65: =IF(J9=0,"",J9) | Z65: 0247 | AA65: =VLOOKUP($M:$M,Data!$I:$J,2,FALSE) -> #N/A
B66: 1 | C66: =VLOOKUP("29/204/1",Data!$A$2:$E$1425,3,FALSE) -> 22105 Gustav | G66: 1 | H66: =VLOOKUP("29/217/1",Data!$A$2:$E$1425,3,FALSE) -> 23101 Ludvig | L66: =COUNTA(B54)+L65 -> 56 | M66: =C54 -> 22001 Anton | N66: DNK | O66: 29 | P66: 201 | Q66: =_xlfn.IFS(COUNTA(B54:B56)=1,"Single",COUNTA(B54:B56)=2,"Double",COUNTA(B54:B56)=3,"Triple",COUNTA(B54:B56)=0,"Empty") -> Double | U66: =B54 -> 1 | V66: =COUNT(B54:B56) -> 2 | X66: =IF(D54=0,"",D54) | Y66: =IF(E54=0,"",E54) | Z66: 0248 | AA66: =VLOOKUP($M:$M,Data!$I:$J,2,FALSE) -> #N/A
C67: =VLOOKUP("29/204/2",Data!$A$2:$E$1425,3,FALSE) -> 22104 Maximilian | G67: 2 | H67: =VLOOKUP("29/217/2",Data!$A$2:$E$1425,3,FALSE) -> 23102 Joel | L67: =COUNTA(B55)+L66 -> 57 | M67: =C55 -> 0 | N67: DNK | O67: 29 | P67: 201 | U67: =B55 -> 2 | X67: =IF(D55=0,"",D55) | Y67: =IF(E55=0,"",E55) | Z67: 0249 | AA67: =VLOOKUP($M:$M,Data!$I:$J,2,FALSE) -> #N/A
C68: =VLOOKUP("29/204/3",Data!$A$2:$E$1425,3,FALSE) -> 0 | H68: =VLOOKUP("29/217/3",Data!$A$2:$E$1425,3,FALSE) -> 0 | L68: =COUNTA(B56)+L67 -> 57 | M68: =C56 -> 0 | N68: DNK | O68: 29 | P68: 201 | U68: =B56 -> 0 | X68: =IF(D56=0,"",D56) | Y68: =IF(E56=0,"",E56) | AA68: =VLOOKUP($M:$M,Data!$I:$J,2,FALSE) -> #N/A
B69: 205 | D69: ETA | E69: ETD | G69: 216 | I69: ETA | J69: ETD | L69: =COUNTA(B58)+L68 -> 58 | M69: =C58 -> 22002 Omar | N69: DNK | O69: 29 | P69: 202 | Q69: =_xlfn.IFS(COUNTA(B58:B60)=1,"Single",COUNTA(B58:B60)=2,"Double",COUNTA(B58:B60)=3,"Triple",COUNTA(B58:B60)=0,"Empty") -> Double | U69: =B58 -> 1 | V69: =COUNT(B58:B60) -> 2 | X69: =IF(D58=0,"",D58) | Y69: =IF(E58=0,"",E58) | Z69: 0250 | AA69: =VLOOKUP($M:$M,Data!$I:$J,2,FALSE) -> #N/A
B70: 1 | C70: =VLOOKUP("29/205/1",Data!$A$2:$E$1425,3,FALSE) -> 22107 Victor | G70: 1 | H70: =VLOOKUP("29/216/1",Data!$A$2:$E$1425,3,FALSE) -> 23105 Elliot | L70: =COUNTA(B59)+L69 -> 59 | M70: =C59 -> 0 | N70: DNK | O70: 29 | P70: 202 | U70: =B59 -> 2 | X70: =IF(D59=0,"",D59) | Y70: =IF(E59=0,"",E59) | Z70: 0251 | AA70: =VLOOKUP($M:$M,Data!$I:$J,2,FALSE) -> #N/A
B71: 2 | C71: =VLOOKUP("29/205/2",Data!$A$2:$E$1425,3,FALSE) -> 22110 Joel | G71: 2 | H71: =VLOOKUP("29/216/2",Data!$A$2:$E$1425,3,FALSE) -> 23104 Truls | L71: =COUNTA(B60)+L70 -> 59 | M71: =C60 -> 0 | N71: DNK | O71: 29 | P71: 202 | U71: =B60 -> 0 | X71: =IF(D60=0,"",D60) | Y71: =IF(E60=0,"",E60) | AA71: =VLOOKUP($M:$M,Data!$I:$J,2,FALSE) -> #N/A
C72: =VLOOKUP("29/205/3",Data!$A$2:$E$1425,3,FALSE) -> 0 | G72: 3 | H72: =VLOOKUP("29/216/3",Data!$A$2:$E$1425,3,FALSE) -> 23103 Olle | L72: =COUNTA(B62)+L71 -> 60 | M72: =C62 -> 22101 Jona | N72: DNK | O72: 29 | P72: 203 | Q72: =_xlfn.IFS(COUNTA(B62:B64)=1,"Single",COUNTA(B62:B64)=2,"Double",COUNTA(B62:B64)=3,"Triple",COUNTA(B62:B64)=0,"Empty") -> Double | U72: =B62 -> 1 | V72: =COUNT(B62:B64) -> 2 | X72: =IF(D62=0,"",D62) | Y72: =IF(E62=0,"",E62) | Z72: 0252 | AA72: =VLOOKUP($M:$M,Data!$I:$J,2,FALSE) -> #N/A
B73: 206 | D73: ETA | E73: ETD | G73: Drying room | L73: =COUNTA(B63)+L72 -> 61 | M73: =C63 -> 22102 Emil | N73: DNK | O73: 29 | P73: 203 | U73: =B63 -> 2 | X73: =IF(D63=0,"",D63) | Y73: =IF(E63=0,"",E63) | Z73: 0253 | AA73: =VLOOKUP($M:$M,Data!$I:$J,2,FALSE) -> #N/A
B74: 1 | C74: =VLOOKUP("29/206/1",Data!$A$2:$E$1425,3,FALSE) -> 22109 Lino | L74: =COUNTA(B64)+L73 -> 61 | M74: =C64 -> 0 | N74: DNK | O74: 29 | P74: 203 | U74: =B64 -> 0 | X74: =IF(D64=0,"",D64) | Y74: =IF(E64=0,"",E64) | AA74: =VLOOKUP($M:$M,Data!$I:$J,2,FALSE) -> #N/A
B75: 2 | C75: =VLOOKUP("29/206/2",Data!$A$2:$E$1425,3,FALSE) -> 22108 Elliot | L75: =COUNTA(B66)+L74 -> 62 | M75: =C66 -> 22105 Gustav | N75: DNK | O75: 29 | P75: 204 | Q75: =_xlfn.IFS(COUNTA(B66:B68)=1,"Single",COUNTA(B66:B68)=2,"Double",COUNTA(B66:B68)=3,"Triple",COUNTA(B66:B68)=0,"Empty") -> Single | U75: =B66 -> 1 | V75: =COUNT(B66:B68) -> 1 | X75: =IF(D66=0,"",D66) | Y75: =IF(E66=0,"",E66) | Z75: 0254 | AA75: =VLOOKUP($M:$M,Data!$I:$J,2,FALSE) -> #N/A
C76: =VLOOKUP("29/206/3",Data!$A$2:$E$1425,3,FALSE) -> 0 | L76: =COUNTA(B67)+L75 -> 62 | M76: =C67 -> 22104 Maximilian | N76: DNK | O76: 29 | P76: 204 | U76: =B67 -> 0 | X76: =IF(D67=0,"",D67) | Y76: =IF(E67=0,"",E67) | AA76: =VLOOKUP($M:$M,Data!$I:$J,2,FALSE) -> #N/A
B77: 207 | D77: ETA | E77: ETD | L77: =COUNTA(B68)+L76 -> 62 | M77: =C68 -> 0 | N77: DNK | O77: 29 | P77: 204 | U77: =B68 -> 0 | X77: =IF(D68=0,"",D68) | Y77: =IF(E68=0,"",E68) | AA77: =VLOOKUP($M:$M,Data!$I:$J,2,FALSE) -> #N/A
B78: 1 | C78: =VLOOKUP("29/207/1",Data!$A$2:$E$1425,3,FALSE) -> 22201 Gustaf | L78: =COUNTA(B70)+L77 -> 63 | M78: =C70 -> 22107 Victor | N78: DNK | O78: 29 | P78: 205 | Q78: =_xlfn.IFS(COUNTA(B70:B72)=1,"Single",COUNTA(B70:B72)=2,"Double",COUNTA(B70:B72)=3,"Triple",COUNTA(B70:B72)=0,"Empty") -> Double | U78: =B70 -> 1 | V78: =COUNT(B70:B72) -> 2 | X78: =IF(D70=0,"",D70) | Y78: =IF(E70=0,"",E70) | Z78: 0255 | AA78: =VLOOKUP($M:$M,Data!$I:$J,2,FALSE) -> #N/A
B79: 2 | C79: =VLOOKUP("29/207/2",Data!$A$2:$E$1425,3,FALSE) -> 22208 Elias | L79: =COUNTA(B71)+L78 -> 64 | M79: =C71 -> 22110 Joel | N79: DNK | O79: 29 | P79: 205 | U79: =B71 -> 2 | X79: =IF(D71=0,"",D71) | Y79: =IF(E71=0,"",E71) | Z79: 0256 | AA79: =VLOOKUP($M:$M,Data!$I:$J,2,FALSE) -> #N/A
B80: 3 | C80: =VLOOKUP("29/207/3",Data!$A$2:$E$1425,3,FALSE) -> 0 | L80: =COUNTA(B72)+L79 -> 64 | M80: =C72 -> 0 | N80: DNK | O80: 29 | P80: 205 | U80: =B72 -> 0 | X80: =IF(D72=0,"",D72) | Y80: =IF(E72=0,"",E72) | AA80: =VLOOKUP($M:$M,Data!$I:$J,2,FALSE) -> #N/A
B81: 208 | D81: ETA | E81: ETD | G81: 215 | I81: ETA | J81: ETD | L81: =COUNTA(B74)+L80 -> 65 | M81: =C74 -> 22109 Lino | N81: DNK | O81: 29 | P81: 206 | Q81: =_xlfn.IFS(COUNTA(B74:B76)=1,"Single",COUNTA(B74:B76)=2,"Double",COUNTA(B74:B76)=3,"Triple",COUNTA(B74:B76)=0,"Empty") -> Double | U81: =B74 -> 1 | V81: =COUNT(B74:B76) -> 2 | X81: =IF(D74=0,"",D74) | Y81: =IF(E74=0,"",E74) | Z81: 0257 | AA81: =VLOOKUP($M:$M,Data!$I:$J,2,FALSE) -> #N/A
B82: 1 | C82: =VLOOKUP("29/208/1",Data!$A$2:$E$1425,3,FALSE) -> 22205 Oskar | G82: 1 | H82: =VLOOKUP("29/215/1",Data!$A$2:$E$1425,3,FALSE) -> 22103 Evelina | L82: =COUNTA(B75)+L81 -> 66 | M82: =C75 -> 22108 Elliot | N82: DNK | O82: 29 | P82: 206 | U82: =B75 -> 2 | X82: =IF(D75=0,"",D75) | Y82: =IF(E75=0,"",E75) | Z82: 0258 | AA82: =VLOOKUP($M:$M,Data!$I:$J,2,FALSE) -> #N/A
B83: 2 | C83: =VLOOKUP("29/208/2",Data!$A$2:$E$1425,3,FALSE) -> 22204 Felix | G83: 2 | H83: =VLOOKUP("29/215/2",Data!$A$2:$E$1425,3,FALSE) -> 0 | L83: =COUNTA(B76)+L82 -> 66 | M83: =C76 -> 0 | N83: DNK | O83: 29 | P83: 206 | U83: =B76 -> 0 | X83: =IF(D76=0,"",D76) | Y83: =IF(E76=0,"",E76) | AA83: =VLOOKUP($M:$M,Data!$I:$J,2,FALSE) -> #N/A
B84: 3 | C84: =VLOOKUP("29/208/3",Data!$A$2:$E$1425,3,FALSE) -> 0 | G84: 3 | H84: =VLOOKUP("29/215/3",Data!$A$2:$E$1425,3,FALSE) -> 0 | L84: =COUNTA(B78)+L83 -> 67 | M84: =C78 -> 22201 Gustaf | N84: DNK | O84: 29 | P84: 207 | Q84: =_xlfn.IFS(COUNTA(B78:B80)=1,"Single",COUNTA(B78:B80)=2,"Double",COUNTA(B78:B80)=3,"Triple",COUNTA(B78:B80)=0,"Empty") -> Triple | U84: =B78 -> 1 | V84: =COUNT(B78:B80) -> 3 | X84: =IF(D78=0,"",D78) | Y84: =IF(E78=0,"",E78) | Z84: 0259 | AA84: =VLOOKUP($M:$M,Data!$I:$J,2,FALSE) -> #N/A
B85: 209 | D85: ETA | E85: ETD | G85: 214 | I85: ETA | J85: ETD | L85: =COUNTA(B79)+L84 -> 68 | M85: =C79 -> 22208 Elias | N85: DNK | O85: 29 | P85: 207 | U85: =B79 -> 2 | X85: =IF(D79=0,"",D79) | Y85: =IF(E79=0,"",E79) | Z85: 0260 | AA85: =VLOOKUP($M:$M,Data!$I:$J,2,FALSE) -> #N/A
B86: 1 | C86: =VLOOKUP("29/209/1",Data!$A$2:$E$1425,3,FALSE) -> 22202 Theo | G86: 1 | H86: =VLOOKUP("29/214/1",Data!$A$2:$E$1425,3,FALSE) -> 22309 Victor | L86: =COUNTA(B80)+L85 -> 69 | M86: =C80 -> 0 | N86: DNK | O86: 29 | P86: 207 | U86: =B80 -> 3 | X86: =IF(D80=0,"",D80) | Y86: =IF(E80=0,"",E80) | Z86: 0261 | AA86: =VLOOKUP($M:$M,Data!$I:$J,2,FALSE) -> #N/A
B87: 2 | C87: =VLOOKUP("29/209/2",Data!$A$2:$E$1425,3,FALSE) -> 22210 Gustav | G87: 2 | H87: =VLOOKUP("29/214/2",Data!$A$2:$E$1425,3,FALSE) -> 22308 Gustav | L87: =COUNTA(B82)+L86 -> 70 | M87: =C82 -> 22205 Oskar | N87: DNK | O87: 29 | P87: 208 | Q87: =_xlfn.IFS(COUNTA(B82:B84)=1,"Single",COUNTA(B82:B84)=2,"Double",COUNTA(B82:B84)=3,"Triple",COUNTA(B82:B84)=0,"Empty") -> Triple | U87: =B82 -> 1 | V87: =COUNT(B82:B84) -> 3 | X87: =IF(D82=0,"",D82) | Y87: =IF(E82=0,"",E82) | Z87: 0263 | AA87: =VLOOKUP($M:$M,Data!$I:$J,2,FALSE) -> #N/A
B88: 3 | C88: =VLOOKUP("29/209/3",Data!$A$2:$E$1425,3,FALSE) -> 0 | G88: 3 | H88: =VLOOKUP("29/214/3",Data!$A$2:$E$1425,3,FALSE) -> 0 | L88: =COUNTA(B83)+L87 -> 71 | M88: =C83 -> 22204 Felix | N88: DNK | O88: 29 | P88: 208 | U88: =B83 -> 2 | X88: =IF(D83=0,"",D83) | Y88: =IF(E83=0,"",E83) | Z88: 0262 | AA88: =VLOOKUP($M:$M,Data!$I:$J,2,FALSE) -> #N/A
B89: 210 | D89: ETA | E89: ETD | G89: 213 | I89: ETA | J89: ETD | L89: =COUNTA(B84)+L88 -> 72 | M89: =C84 -> 0 | N89: DNK | O89: 29 | P89: 208 | U89: =B84 -> 3 | X89: =IF(D84=0,"",D84) | Y89: =IF(E84=0,"",E84) | Z89: 0264 | AA89: =VLOOKUP($M:$M,Data!$I:$J,2,FALSE) -> #N/A
B90: 1 | C90: =VLOOKUP("29/210/1",Data!$A$2:$E$1425,3,FALSE) -> 22209 Kevin | G90: 1 | H90: =VLOOKUP("29/213/1",Data!$A$2:$E$1425,3,FALSE) -> 22310 Anton | L90: =COUNTA(B86)+L89 -> 73 | M90: =C86 -> 22202 Theo | N90: DNK | O90: 29 | P90: 209 | Q90: =_xlfn.IFS(COUNTA(B86:B88)=1,"Single",COUNTA(B86:B88)=2,"Double",COUNTA(B86:B88)=3,"Triple",COUNTA(B86:B88)=0,"Empty") -> Triple | U90: =B86 -> 1 | V90: =COUNT(B86:B88) -> 3 | X90: =IF(D86=0,"",D86) | Y90: =IF(E86=0,"",E86) | Z90: 0265 | AA90: =VLOOKUP($M:$M,Data!$I:$J,2,FALSE) -> #N/A
B91: 2 | C91: =VLOOKUP("29/210/2",Data!$A$2:$E$1425,3,FALSE) -> 22207 Adam | G91: 2 | H91: =VLOOKUP("29/213/2",Data!$A$2:$E$1425,3,FALSE) -> 22307 Måns | L91: =COUNTA(B87)+L90 -> 74 | M91: =C87 -> 22210 Gustav | N91: DNK | O91: 29 | P91: 209 | U91: =B87 -> 2 | X91: =IF(D87=0,"",D87) | Y91: =IF(E87=0,"",E87) | Z91: 0266 | AA91: =VLOOKUP($M:$M,Data!$I:$J,2,FALSE) -> #N/A
B92: 3 | C92: =VLOOKUP("29/210/3",Data!$A$2:$E$1425,3,FALSE) -> 0 | G92: 3 | H92: =VLOOKUP("29/213/3",Data!$A$2:$E$1425,3,FALSE) -> 0 | L92: =COUNTA(B88)+L91 -> 75 | M92: =C88 -> 0 | N92: DNK | O92: 29 | P92: 209 | U92: =B88 -> 3 | X92: =IF(D88=0,"",D88) | Y92: =IF(E88=0,"",E88) | Z92: 0267 | AA92: =VLOOKUP($M:$M,Data!$I:$J,2,FALSE) -> #N/A
B93: 211 | D93: ETA | E93: ETD | G93: 212 | I93: ETA | J93: ETD | L93: =COUNTA(B90)+L92 -> 76 | M93: =C90 -> 22209 Kevin | N93: DNK | O93: 29 | P93: 210 | Q93: =_xlfn.IFS(COUNTA(B90:B92)=1,"Single",COUNTA(B90:B92)=2,"Double",COUNTA(B90:B92)=3,"Triple",COUNTA(B90:B92)=0,"Empty") -> Triple | U93: =B90 -> 1 | V93: =COUNT(B90:B92) -> 3 | X93: =IF(D90=0,"",D90) | Y93: =IF(E90=0,"",E90) | Z93: 0268 | AA93: =VLOOKUP($M:$M,Data!$I:$J,2,FALSE) -> #N/A
B94: 1 | C94: =VLOOKUP("29/211/1",Data!$A$2:$E$1425,3,FALSE) -> 22301 Nils | G94: 1 | H94: =VLOOKUP("29/212/1",Data!$A$2:$E$1425,3,FALSE) -> 22305 Isac | L94: =COUNTA(B91)+L93 -> 77 | M94: =C91 -> 22207 Adam | N94: DNK | O94: 29 | P94: 210 | U94: =B91 -> 2 | X94: =IF(D91=0,"",D91) | Y94: =IF(E91=0,"",E91) | Z94: 0269 | AA94: =VLOOKUP($M:$M,Data!$I:$J,2,FALSE) -> #N/A
B95: 2 | C95: =VLOOKUP("29/211/2",Data!$A$2:$E$1425,3,FALSE) -> 22302 Elias | G95: 2 | H95: =VLOOKUP("29/212/2",Data!$A$2:$E$1425,3,FALSE) -> 22304 Leon | L95: =COUNTA(B92)+L94 -> 78 | M95: =C92 -> 0 | N95: DNK | O95: 29 | P95: 210 | U95: =B92 -> 3 | X95: =IF(D92=0,"",D92) | Y95: =IF(E92=0,"",E92) | Z95: 0270 | AA95: =VLOOKUP($M:$M,Data!$I:$J,2,FALSE) -> #N/A
B96: 3 | C96: =VLOOKUP("29/211/3",Data!$A$2:$E$1425,3,FALSE) -> 0 | G96: 3 | H96: =VLOOKUP("29/212/3",Data!$A$2:$E$1425,3,FALSE) -> 0 | L96: =COUNTA(B94)+L95 -> 79 | M96: =C94 -> 22301 Nils | N96: DNK | O96: 29 | P96: 211 | Q96: =_xlfn.IFS(COUNTA(B94:B96)=1,"Single",COUNTA(B94:B96)=2,"Double",COUNTA(B94:B96)=3,"Triple",COUNTA(B94:B96)=0,"Empty") -> Triple | U96: =B94 -> 1 | V96: =COUNT(B94:B96) -> 3 | X96: =IF(D94=0,"",D94) | Y96: =IF(E94=0,"",E94) | Z96: 0271 | AA96: =VLOOKUP($M:$M,Data!$I:$J,2,FALSE) -> #N/A
L97: =COUNTA(B95)+L96 -> 80 | M97: =C95 -> 22302 Elias | N97: DNK | O97: 29 | P97: 211 | U97: =B95 -> 2 | X97: =IF(D95=0,"",D95) | Y97: =IF(E95=0,"",E95) | Z97: 0272 | AA97: =VLOOKUP($M:$M,Data!$I:$J,2,FALSE) -> #N/A
L98: =COUNTA(B96)+L97 -> 81 | M98: =C96 -> 0 | N98: DNK | O98: 29 | P98: 211 | U98: =B96 -> 3 | X98: =IF(D96=0,"",D96) | Y98: =IF(E96=0,"",E96) | Z98: 0273 | AA98: =VLOOKUP($M:$M,Data!$I:$J,2,FALSE) -> #N/A
L99: =COUNTA(G94)+L98 -> 82 | M99: =H94 -> 22305 Isac | N99: DNK | O99: 29 | P99: 212 | Q99: =_xlfn.IFS(COUNTA(G94:G96)=1,"Single",COUNTA(G94:G96)=2,"Double",COUNTA(G94:G96)=3,"Triple",COUNTA(G94:G96)=0,"Empty") -> Triple | U99: =G94 -> 1 | V99: =COUNT(G94:G96) -> 3 | X99: =IF(I94=0,"",I94) | Y99: =IF(J94=0,"",J94) | Z99: 0275 | AA99: =VLOOKUP($M:$M,Data!$I:$J,2,FALSE) -> #N/A
L100: =COUNTA(G95)+L99 -> 83 | M100: =H95 -> 22304 Leon | N100: DNK | O100: 29 | P100: 212 | U100: =G95 -> 2 | X100: =IF(I95=0,"",I95) | Y100: =IF(J95=0,"",J95) | Z100: 0274 | AA100: =VLOOKUP($M:$M,Data!$I:$J,2,FALSE) -> #N/A
